epoch,accuracy,loss,val_accuracy,val_loss,LR
1,0.24503464996814728,1.8078246773967344,0.26541727781295776,1.8617949935219706,0.001
2,0.3058769404888153,1.6924520445310158,0.15225990116596222,1.970114779946993,0.001
3,0.39481937885284424,1.5251182789197728,0.1635432243347168,1.9789816581988782,0.001
4,0.42851829528808594,1.435979809715595,0.1236625388264656,2.6236528606933036,0.001
5,0.4489644169807434,1.392976624530025,0.2516697943210602,1.8152474646871017,0.001
6,0.4685778319835663,1.3455411749548802,0.14473769068717957,2.3630095611370905,0.001
7,0.48216724395751953,1.3130222899446464,0.17398352921009064,2.140341001620329,0.001
8,0.49286866188049316,1.2889934215105323,0.16983334720134735,2.3987675115729914,0.001
9,0.5028613805770874,1.268915853749848,0.10777511447668076,3.22563214705895,0.001
10,0.514182984828949,1.2477955980766073,0.48602554202079773,1.333595331993311,0.001
11,0.5197817087173462,1.2311700213033834,0.16432137787342072,2.3457624519252414,0.001
12,0.5230417847633362,1.228122544551381,0.40950652956962585,1.5515229987476626,0.001
13,0.5289417505264282,1.2182299554104044,0.2886972427368164,2.01177357585272,0.001
14,0.5265675783157349,1.2255818395399527,0.26541727781295776,3.684230962791267,0.001
15,0.50775146484375,1.2715413655014958,0.11244407296180725,2.7862511723663514,0.001
16,0.5225279927253723,1.241964157825514,0.2652876079082489,3.7484712816229373,0.001
17,0.5149625539779663,1.2612823265292166,0.09662149101495743,3.7510245590310145,0.001
18,0.5018869638442993,1.290902792436928,0.10174437612295151,3.5049694573459487,0.001
19,0.5137577652931213,1.260954212296286,0.10109590739011765,3.6960488900191497,0.001
20,0.5229886174201965,1.2460225063816586,0.13280591368675232,2.677244219518065,0.001
21,0.5236619114875793,1.2507233655870291,0.09636210650205612,4.000559878777564,0.001
22,0.5127655267715454,1.2825911211106997,0.15511316061019897,2.20258451044602,0.001
23,0.4949239194393158,1.318873727681316,0.09551909565925598,3.3658045935156156,0.001
24,0.4939848780632019,1.3161108403491344,0.2157447636127472,2.282339324871395,0.001
25,0.5060151219367981,1.2882229522211455,0.4602814316749573,1.3887978389981919,0.0001
26,0.5070959329605103,1.282155981326335,0.48946240544319153,1.345025953441949,0.0001
27,0.5133147835731506,1.2674001950722236,0.48408013582229614,1.3603951814426507,0.0001
28,0.5193387866020203,1.2558979903254908,0.49691978096961975,1.3381244012272224,0.0001
29,0.520082950592041,1.248730589967056,0.4622916877269745,1.4531358319044376,0.0001
30,0.5265144109725952,1.2411518592486905,0.5041177868843079,1.3024646188875602,0.0001
31,0.5296504497528076,1.2333227737813222,0.4637831449508667,1.4431396864103858,0.0001
32,0.5322372317314148,1.2291313856071855,0.426561176776886,1.5724175781075356,0.0001
33,0.5336723327636719,1.222995108975249,0.4759094715118408,1.3964410094959434,0.0001
34,0.5347708463668823,1.223266435874239,0.41586148738861084,1.541892880124423,0.0001
35,0.5345936417579651,1.2243754779698377,0.39297062158584595,1.7031204241443474,0.0001
36,0.5357630252838135,1.223795770405477,0.5101485252380371,1.2964519252882851,0.0001
37,0.5364717245101929,1.224148466047593,0.4588547945022583,1.45731253441063,0.0001
38,0.5362414121627808,1.2239440381321016,0.39673173427581787,1.6529505398477393,0.0001
39,0.5349302887916565,1.2292420976891605,0.47078660130500793,1.4349970284946758,0.0001
40,0.5363831520080566,1.2221093921129464,0.38830167055130005,1.791143056707974,0.0001
41,0.5383498072624207,1.2213019207614966,0.4286362826824188,1.5843494079910931,0.0001
42,0.5356566905975342,1.221938486991903,0.35425716638565063,1.760914678657405,0.0001
43,0.5368615388870239,1.2201204670242038,0.45995721220970154,1.4752348593395899,0.0001
44,0.5352846384048462,1.222918812592568,0.48531222343444824,1.3835267751691993,0.0001
45,0.5386155843734741,1.2175043906325924,0.4605408310890198,1.473446960231533,0.0001
46,0.537463903427124,1.2210543684287678,0.4980870187282562,1.3296464551060234,0.0001
47,0.5397317409515381,1.2136682580197926,0.5052201747894287,1.3213639056030921,0.0001
48,0.5361882448196411,1.2198805193828322,0.5118993520736694,1.2951094610713798,0.0001
49,0.5387041568756104,1.2125861804082037,0.5170871019363403,1.2886681784436935,0.0001
50,0.5406531095504761,1.2124839718426608,0.4102846682071686,1.563893102484836,0.0001
51,0.5388635993003845,1.211733080420715,0.4231243133544922,1.5774304043666127,0.0001
52,0.5409719944000244,1.206123523699401,0.4645613133907318,1.4352985234214486,0.0001
53,0.540635347366333,1.2115621872140527,0.5091109275817871,1.3206199345580336,0.0001
54,0.5412554740905762,1.2124419840333336,0.5100188255310059,1.3001109655478085,0.0001
55,0.5368437767028809,1.2142256582081734,0.5113806128501892,1.2995432896122736,0.0001
56,0.5398380756378174,1.2089260134871251,0.5132611393928528,1.2881649351871383,0.0001
57,0.5382257699966431,1.2133904478513249,0.4857661724090576,1.3739473953312624,0.0001
58,0.5397672057151794,1.213845861804842,0.36936643719673157,1.7037049224579057,0.0001
59,0.5424248576164246,1.2086365575166573,0.4851825535297394,1.3733302799151508,0.0001
60,0.5413795113563538,1.207031068808892,0.3711172938346863,1.674803163621701,0.0001
61,0.540263295173645,1.2075091479141051,0.5030153393745422,1.3161034527923274,0.0001
62,0.539962112903595,1.2062184346841403,0.5026911497116089,1.3338013936261028,0.0001
63,0.5433815717697144,1.2101322002362396,0.497049480676651,1.3351091799681292,0.0001
64,0.5388813018798828,1.2138260217703192,0.3530251085758209,1.7561436737954297,0.0001
65,0.5379599928855896,1.21948083658006,0.5041177868843079,1.363954119085222,0.0001
66,0.5405999422073364,1.211488418372031,0.5190324783325195,1.3045867697582365,0.0001
67,0.5392179489135742,1.2131992018376359,0.4643019139766693,1.4561762199444528,0.0001
68,0.5419641733169556,1.2078270169047567,0.5058037638664246,1.3167549429001044,0.0001
69,0.5410428643226624,1.2101047428651899,0.497957319021225,1.357866320587783,0.0001
70,0.5429741144180298,1.2043473142340813,0.4741586148738861,1.4117994410280015,0.0001
71,0.5446749925613403,1.196247367886682,0.5208482146263123,1.2742617559157785,1e-05
72,0.545862078666687,1.1940628026606872,0.5207833647727966,1.2820646575310297,1e-05
73,0.5457203388214111,1.1951530943628057,0.5248686671257019,1.273401158351192,1e-05
74,0.5463404655456543,1.1906741219525283,0.5180597901344299,1.2806791273832212,1e-05
75,0.5460746884346008,1.1910057799271758,0.5167628526687622,1.2855323411002015,1e-05
76,0.5475806593894958,1.1898428293847656,0.5200051665306091,1.2774934659447315,1e-05
77,0.5470845699310303,1.1914234544238134,0.5229232907295227,1.2780341046398063,1e-05
78,0.5475629568099976,1.1901474972006614,0.5201348662376404,1.2721298734514517,1e-05
79,0.5491575598716736,1.1905924070587093,0.5164386034011841,1.2773770936522901,1e-05
80,0.5485551357269287,1.1862403142144085,0.5213021039962769,1.2798091795230977,1e-05
81,0.5470845699310303,1.1897882137652405,0.5214318037033081,1.279477993219513,1e-05
82,0.5472086071968079,1.189807798900433,0.5200700163841248,1.2841320273307393,1e-05
83,0.5479881763458252,1.1876059062944617,0.5231826901435852,1.273436685456012,1e-05
84,0.5466770529747009,1.1870016520967162,0.5172168016433716,1.2825890345592288,1e-05
85,0.547899603843689,1.1908400931172218,0.5217560529708862,1.2768237044487967,1e-05
86,0.5458089113235474,1.1893957147747634,0.5209779143333435,1.275841568541522,1e-05
87,0.5471377372741699,1.191664942420878,0.5185785889625549,1.2787482764816618,1e-05
88,0.5463227033615112,1.191041753742849,0.5250632166862488,1.268695998443842,1e-05
89,0.5468896627426147,1.191017653357013,0.5210427045822144,1.2760130153092868,1e-05
90,0.5484665632247925,1.1894158799804453,0.518773078918457,1.274237780508832,1e-05
91,0.5476869940757751,1.1876201919503893,0.5212372541427612,1.275842737257925,1e-05
92,0.5474035143852234,1.189214289206338,0.5225990414619446,1.27280469876413,1e-05
93,0.5491575598716736,1.1888150025815656,0.52110755443573,1.2725026181031585,1e-05
94,0.5463050007820129,1.1895834525702211,0.5205239653587341,1.2708446760522694,1e-05
1,0.24064067006111145,1.8290968918850623,0.26541727781295776,1.8194653818745086,0.001
2,0.25286582112312317,1.781067289340606,0.2889566123485565,1.754713451883207,0.001
3,0.29967576265335083,1.7101328125585644,0.19402113556861877,1.8757475022482397,0.001
4,0.33780407905578613,1.6419205454483534,0.17151935398578644,2.222782376783304,0.001
5,0.36971351504325867,1.5734551475995175,0.21289150416851044,1.90996273681275,0.001
6,0.3930298984050751,1.5277602026209567,0.3980935215950012,1.5498088767777296,0.001
7,0.40282773971557617,1.5054972653871297,0.29375526309013367,1.7650883533666897,0.001
8,0.41228896379470825,1.4807208173214714,0.41443485021591187,1.4959409191144455,0.001
9,0.41487571597099304,1.4733283114115205,0.39919590950012207,1.5357783884708693,0.001
10,0.41542497277259827,1.4773369147470414,0.1162700206041336,2.454953809554734,0.001
11,0.41802945733070374,1.4671549533045045,0.37792620062828064,1.6731502795047808,0.001
12,0.4297408163547516,1.4440252498525936,0.33532196283340454,1.699137932285942,0.001
13,0.4323984384536743,1.4392684542189305,0.21334543824195862,1.9567147214916243,0.001
14,0.4402296245098114,1.4180478730649233,0.2080928534269333,2.0963940850940554,0.001
15,0.43760743737220764,1.426380545829692,0.2672978341579437,1.9108299502262105,0.001
16,0.4453677535057068,1.4132701745245067,0.09649179875850677,3.2861176184601115,0.001
17,0.4417356252670288,1.4151659124944016,0.11140652000904083,2.8322454271717885,0.001
18,0.4500274658203125,1.3993732191028097,0.1324816793203354,2.339209796992592,0.001
19,0.4529508948326111,1.3913531102586867,0.16814732551574707,2.656390195102839,0.001
20,0.4612250030040741,1.3702371559960704,0.09739965200424194,3.2178633498601292,0.001
21,0.4572739899158478,1.376724181684925,0.35185784101486206,1.7017805325011708,0.001
22,0.4617210924625397,1.3686024972370692,0.3357110321521759,1.7054600948474494,0.001
23,0.4775429368019104,1.3331714161666401,0.47357499599456787,1.358079998025201,0.0001
24,0.4780213236808777,1.327431180317425,0.4707217514514923,1.3732170306649099,0.0001
25,0.48321256041526794,1.3254944679660674,0.44692301750183105,1.454024323824353,0.0001
26,0.48160025477409363,1.3198921976651974,0.44646909832954407,1.4274484169374186,0.0001
27,0.4832479953765869,1.321591385974956,0.4766227900981903,1.3464016614817713,0.0001
28,0.4838681221008301,1.3171095427563493,0.47454768419265747,1.3588597849644342,0.0001
29,0.4837086498737335,1.317842106767533,0.4568445682525635,1.3915191403808826,0.0001
30,0.48480716347694397,1.3182444926796502,0.4746773838996887,1.3612207305175492,0.0001
31,0.4836200773715973,1.3157200742009931,0.47642824053764343,1.3523003818861867,0.0001
32,0.485108345746994,1.3135087493313307,0.47026780247688293,1.3685623737680535,0.0001
33,0.48507291078567505,1.315136884999236,0.47694700956344604,1.359293729111298,0.0001
34,0.4832657277584076,1.3142314422722186,0.48660916090011597,1.3418916725600618,0.0001
35,0.4862777292728424,1.311137940336559,0.47675248980522156,1.3689619308392769,0.0001
36,0.48737621307373047,1.3127335807108333,0.48239412903785706,1.339975008170789,0.0001
37,0.4857993423938751,1.311610887893823,0.48096752166748047,1.3550651476205566,0.0001
38,0.4888467788696289,1.3089164266452649,0.4546397626399994,1.42201810376003,0.0001
39,0.4903704822063446,1.3073168292960304,0.48232927918434143,1.353227774902553,0.0001
40,0.48831525444984436,1.308705444411213,0.479281485080719,1.3476380614731596,0.0001
41,0.48693326115608215,1.3122665409886274,0.44964659214019775,1.4402569368125075,0.0001
42,0.4885987341403961,1.3094419615427664,0.4737046957015991,1.373539359573724,0.0001
43,0.4893251359462738,1.3073545814001917,0.4748719334602356,1.3750716381581345,0.0001
44,0.488740473985672,1.3097591542882505,0.4820699095726013,1.3466074346421517,0.0001
45,0.4876596927642822,1.3109650150741667,0.45723363757133484,1.4214558222980151,0.0001
46,0.49042364954948425,1.3066400794645312,0.41962260007858276,1.505893550280289,0.0001
47,0.4922662675380707,1.3070606555766542,0.4652097821235657,1.414557474518045,0.0001
48,0.4913272261619568,1.3085454029186254,0.48433953523635864,1.3494538298903036,0.0001
49,0.48959091305732727,1.3052216173517266,0.3591206669807434,1.8297830882312707,0.0001
50,0.4893428683280945,1.3088964440183437,0.44562608003616333,1.4385489377288392,0.0001
51,0.4903527796268463,1.303837481047049,0.48855456709861755,1.3392395617610773,1e-05
52,0.49063625931739807,1.3054731494279024,0.4873873293399811,1.3367738447473188,1e-05
53,0.4916638731956482,1.3013660945235217,0.4908241927623749,1.3385231658554473,1e-05
54,0.48831525444984436,1.3037911592626705,0.4898515045642853,1.3351897718794932,1e-05
55,0.49355965852737427,1.297986740425251,0.4869982600212097,1.3387295611598413,1e-05
56,0.493081271648407,1.3024356977967613,0.48725762963294983,1.3376553772210256,1e-05
57,0.49322301149368286,1.3002349462700258,0.4866740107536316,1.3368948528595173,1e-05
58,0.4941089153289795,1.2990803307678087,0.4874521791934967,1.3384816394567443,1e-05
59,0.4913980960845947,1.3016129755470713,0.49121329188346863,1.3373957785347326,1e-05
60,0.4912209212779999,1.3001252526722937,0.48874911665916443,1.341718083890246,1e-05
61,0.49531370401382446,1.3005978152245905,0.4893975853919983,1.3383560632192149,1e-05
62,0.49359509348869324,1.2971705378619445,0.4877115488052368,1.3367117889798976,1e-05
63,0.4931698739528656,1.2990123660607382,0.4893975853919983,1.3385617350273487,1e-05
64,0.4952428340911865,1.2974372250122916,0.4881654977798462,1.3397263696813513,1e-05
65,0.49309900403022766,1.298563179797271,0.48609039187431335,1.3428292109200821,1e-05
66,0.4933824837207794,1.2984239661662524,0.4873873293399811,1.337026155873902,1e-05
67,0.4944278299808502,1.3000973277003187,0.48803579807281494,1.338455865412678,1e-05
68,0.49325844645500183,1.301223649157198,0.49004605412483215,1.3361558556193376,1e-05
69,0.4953668415546417,1.2976230324414018,0.4896569550037384,1.3342088899463387,1.0000000000000002e-06
70,0.4960578382015228,1.2975089677061395,0.49075934290885925,1.3346982015399846,1.0000000000000002e-06
71,0.49393174052238464,1.2963563395252797,0.4910835921764374,1.3352742957339105,1.0000000000000002e-06
72,0.49697914719581604,1.2944100518510575,0.4898515045642853,1.3370886763650676,1.0000000000000002e-06
73,0.49625274538993835,1.2971938009715427,0.48784124851226807,1.337768621075502,1.0000000000000002e-06
74,0.496642529964447,1.2961441579242443,0.49251019954681396,1.3383156544240282,1.0000000000000002e-06
75,0.4958629608154297,1.2967059376246493,0.4893975853919983,1.336617742466962,1.0000000000000002e-06
76,0.4982016682624817,1.2964944000613,0.48946240544319153,1.3373810855124482,1.0000000000000002e-06
77,0.496642529964447,1.2972687466760746,0.48751702904701233,1.3387711735738328,1.0000000000000002e-06
78,0.4952959716320038,1.2957372238379987,0.48803579807281494,1.3364042808987753,1.0000000000000002e-06
79,0.49465814232826233,1.2986247352176596,0.48725762963294983,1.338645822072213,1.0000000000000002e-06
80,0.4953668415546417,1.2975260022533888,0.48952725529670715,1.3402582837035473,1.0000000000000002e-06
81,0.49276235699653625,1.2972179782231976,0.48777639865875244,1.3402148396439624,1.0000000000000002e-06
82,0.4955263137817383,1.29834512950481,0.48952725529670715,1.3374063668412757,1.0000000000000002e-06
83,0.49336475133895874,1.2964737792810157,0.4943259060382843,1.3332566789334312,1.0000000000000002e-06
84,0.4961818754673004,1.296074675019569,0.49056482315063477,1.3371543649430173,1.0000000000000002e-06
85,0.4934001863002777,1.2986430859312705,0.4908241927623749,1.3339830937842267,1.0000000000000002e-06
86,0.49614644050598145,1.296703242777857,0.48777639865875244,1.3392131077038099,1.0000000000000002e-06
87,0.4940203130245209,1.2962221554465725,0.492056280374527,1.3366292135916937,1.0000000000000002e-06
88,0.49428609013557434,1.2966100992169405,0.4862200915813446,1.341340569274511,1.0000000000000002e-06
89,0.49685513973236084,1.2956273576644328,0.4889436364173889,1.3355052940082197,1.0000000000000002e-06
90,0.49426835775375366,1.296015421892344,0.4891381859779358,1.336613682463401,1.0000000000000002e-06
91,0.49441009759902954,1.2967211116570707,0.4904351234436035,1.336726635039359,1.0000000000000002e-06
92,0.49414435029029846,1.2972137127225736,0.49056482315063477,1.3382663022574341,1.0000000000000002e-06
93,0.4943392276763916,1.2969954000475963,0.48907333612442017,1.338731223356785,1.0000000000000002e-06
94,0.49531370401382446,1.2986754505701177,0.49024057388305664,1.3353159034555968,1.0000000000000002e-06
95,0.4936659634113312,1.2944280547137315,0.4877115488052368,1.336920340039079,1.0000000000000002e-06
96,0.495845228433609,1.297748289089521,0.4899163544178009,1.3391038715418084,1.0000000000000002e-06
97,0.493843138217926,1.297773798001936,0.49095389246940613,1.3394956971396037,1.0000000000000002e-06
98,0.49602240324020386,1.297212117067761,0.49095389246940613,1.3346690609176664,1.0000000000000002e-07
1,0.24216438829898834,1.8269189800606742,0.26541727781295776,1.8089785571383112,0.001
2,0.2553817331790924,1.7781172519525075,0.1650346964597702,1.8789549085093753,0.001
3,0.31850960850715637,1.6762799937180017,0.18066273629665375,2.1469300975518797,0.001
4,0.3513580560684204,1.617829529936356,0.2941443622112274,1.716186378787722,0.001
5,0.36795946955680847,1.5895012406661115,0.17696647346019745,1.934709945446121,0.001
6,0.3915947675704956,1.5429111741836592,0.1647753119468689,2.1694922204317884,0.001
7,0.3997448682785034,1.5217443014031418,0.16419169306755066,2.433641351557962,0.001
8,0.4056093990802765,1.5074202539699415,0.1650346964597702,2.1973437511397584,0.001
9,0.39944368600845337,1.5131981276141109,0.1564100831747055,2.1601846257379163,0.001
10,0.3957938551902771,1.5231640593638627,0.10997989773750305,2.59385510067958,0.001
11,0.4035010039806366,1.5009668592110605,0.15537254512310028,2.112702709313891,0.001
12,0.40587517619132996,1.4983630025076964,0.261526495218277,2.221723805643629,0.001
13,0.4289257824420929,1.4465474532405451,0.26541727781295776,3.84127457084208,0.001
14,0.4113144874572754,1.4861372725115076,0.1716490536928177,2.2400780480764975,0.001
15,0.4313530921936035,1.4431995542286682,0.1357240080833435,2.154015215460053,0.001
16,0.4413635730743408,1.418091272970286,0.0965566411614418,3.846577685890893,0.001
17,0.44634220004081726,1.4112464007508254,0.26347190141677856,3.589470769140586,0.001
18,0.4513031542301178,1.400515443661011,0.26541727781295776,3.568063503402919,0.001
19,0.46770966053009033,1.3616927386500306,0.26567667722702026,2.835923278341806,0.0001
20,0.47130632400512695,1.3521871139916144,0.43687179684638977,1.440964992203591,0.0001
21,0.4449070692062378,1.4208120830286188,0.2701510787010193,1.8022221454919432,0.0001
22,0.4311227798461914,1.4479654258731338,0.1443486213684082,2.440412695588293,0.0001
23,0.4697117507457733,1.3604398991392035,0.4403735101222992,1.4418599207139526,0.0001
24,0.47249341011047363,1.3558139233502915,0.408858060836792,1.5228965478635748,0.0001
25,0.47222766280174255,1.353738439805228,0.4389469027519226,1.4936257167345168,0.0001
26,0.4713594913482666,1.3506849194542032,0.4603462815284729,1.394627953524967,0.0001
27,0.46731987595558167,1.3585244916238601,0.39245185256004333,1.5874722526893024,0.0001
28,0.45672473311424255,1.3893990238857494,0.13137929141521454,2.252877390529231,0.0001
29,0.46884357929229736,1.3641362684098854,0.2512158751487732,1.9264691140693293,0.0001
30,0.460959255695343,1.3738475892476247,0.30704882740974426,1.7877568836983952,0.0001
31,0.46710726618766785,1.364224955871757,0.41411063075065613,1.5033797286115076,0.0001
32,0.46349287033081055,1.3673075484181043,0.33486804366111755,2.0175378385216924,0.0001
33,0.46733757853507996,1.3640254185363256,0.40334609150886536,1.578901221173784,0.0001
34,0.4643610119819641,1.368477988358424,0.41190585494041443,1.5464403354567349,0.0001
35,0.4600379168987274,1.3762252563808517,0.17573438584804535,2.4091029084460853,0.0001
36,0.4548998177051544,1.3906075322009808,0.26541727781295776,3.672187882417155,0.0001
37,0.45185238122940063,1.3958733442987494,0.1714545041322708,2.465085382862288,0.0001
38,0.45603373646736145,1.391086658219363,0.15945787727832794,2.6119458638433586,0.0001
39,0.4538722038269043,1.390550029514146,0.2652227580547333,3.1669506956481044,0.0001
40,0.4586559534072876,1.3800124714539752,0.17755009233951569,2.3013303884542466,0.0001
41,0.4631030857563019,1.3710214494528898,0.4002982974052429,1.5185600851738734,1e-05
1,0.24328060448169708,1.8156801132431708,0.2670384645462036,1.7870683625285384,0.001
2,0.25927960872650146,1.7727492769845767,0.291096568107605,1.739914866653632,0.001
3,0.2883719503879547,1.7307862894411,0.28506582975387573,1.7443144819428968,0.001
4,0.3245690166950226,1.680501972897576,0.3213799297809601,1.7079639137197071,0.001
5,0.34288904070854187,1.6478699950623066,0.2564035952091217,1.7985439875209217,0.001
6,0.3520667552947998,1.6244024873124119,0.26684391498565674,1.8069044159943086,0.001
7,0.36260876059532166,1.6066854174002236,0.3056221902370453,1.71214283719368,0.001
8,0.36691412329673767,1.5913145745286985,0.2366902232170105,1.8435350841264087,0.001
9,0.370121031999588,1.5828695980147955,0.23733869194984436,1.8348817161901183,0.001
10,0.3773675262928009,1.5668308482898612,0.18539653718471527,1.9169306965098756,0.001
11,0.3797062635421753,1.5604790512822406,0.17618831992149353,1.9358680106641006,0.001
12,0.3920731544494629,1.5373782206282038,0.21710653603076935,1.9047887065857272,0.001
13,0.3830725848674774,1.5440688898138388,0.20193243026733398,1.908068858211231,0.001
14,0.3918428122997284,1.5298409910860664,0.17177873849868774,1.953074229690446,0.001
15,0.3774915635585785,1.5538008507597305,0.3132741153240204,1.7023240129861548,0.001
16,0.3990539014339447,1.5135766034304459,0.2706698775291443,1.8675879962511868,0.001
17,0.3932425081729889,1.5269453778488846,0.1536865383386612,2.0844444788102936,0.001
18,0.3394872546195984,1.6338235017281377,0.1898709535598755,1.9549193170143158,0.001
19,0.3612444996833801,1.591971123747196,0.1780688613653183,1.9034195933914952,0.001
20,0.37843057513237,1.5566628343067441,0.2019972801208496,1.8965820689724233,0.001
21,0.3847380578517914,1.5459677784332353,0.14836910367012024,2.0229462043961215,0.001
22,0.38032636046409607,1.554880609909996,0.1650346964597702,1.8549563125308313,0.001
23,0.3910101056098938,1.5332650091082016,0.12547823786735535,2.172739155816163,0.001
24,0.3900887668132782,1.5356131879108308,0.1586148738861084,2.2497472009509774,0.001
25,0.3924452066421509,1.5290161021086397,0.1650346964597702,2.158538153721784,0.001
26,0.3526337444782257,1.615376944344745,0.27352312207221985,1.7781529502486466,0.001
27,0.27538493275642395,1.7579742121545667,0.26541727781295776,1.8073218030677867,0.001
28,0.2432628870010376,1.8072399008808653,0.26541727781295776,1.8063525790084731,0.001
29,0.2456016093492508,1.8068894675624474,0.2615913450717926,1.8149472283339905,0.001
30,0.2467532604932785,1.806242636060675,0.26541727781295776,1.816152480548245,0.001
31,0.24751511216163635,1.804784462433813,0.26541727781295776,1.808262062029464,0.001
32,0.2479226142168045,1.8049684903346297,0.26541727781295776,1.8071793535248746,0.001
33,0.2482769638299942,1.8043657798529351,0.26541727781295776,1.8089831870598332,0.001
34,0.24900339543819427,1.8042979546313573,0.26541727781295776,1.8087720190626075,0.001
35,0.24847185611724854,1.8039589495639528,0.26541727781295776,1.8121713426170178,0.001
36,0.24918057024478912,1.8031160131056445,0.26541727781295776,1.80992024629452,0.001
37,0.24972981214523315,1.801299455687933,0.26541727781295776,1.8074707068803901,0.0001
38,0.24972981214523315,1.8009329570860255,0.26541727781295776,1.805906624616518,0.0001
39,0.2496766597032547,1.801154513839447,0.26541727781295776,1.8050680047118643,0.0001
40,0.24976524710655212,1.800787305878798,0.26541727781295776,1.8062456786868313,0.0001
41,0.24972981214523315,1.8009730294763686,0.26541727781295776,1.8070058706831618,0.0001
1,0.23830194771289825,1.826754276709934,0.12872058153152466,1.8638453847138567,0.001
2,0.2468772828578949,1.7897345117686165,0.1665261685848236,1.8268506837319434,0.001
3,0.24496378004550934,1.791387513382088,0.2637961208820343,1.8073034102594672,0.001
4,0.24526497721672058,1.7955760167826604,0.26535242795944214,1.7945537900856656,0.001
5,0.2506334185600281,1.7884161357126378,0.27183711528778076,1.7933762212508029,0.001
6,0.2539643347263336,1.7776230793503132,0.26541727781295776,1.8330551277732317,0.001
7,0.2636558711528778,1.7667132405635242,0.28577911853790283,1.755566209873548,0.001
8,0.27293989062309265,1.7550571511721569,0.29219895601272583,1.7474155828465934,0.001
9,0.2839779555797577,1.7409437544063975,0.3017314076423645,1.733868966808533,0.001
10,0.29499831795692444,1.7244390245978558,0.3007587194442749,1.740462676103257,0.001
11,0.2963448762893677,1.721521918181966,0.313338965177536,1.7149907135637221,0.001
12,0.3062490224838257,1.7124821356825097,0.3228714168071747,1.6978779769996657,0.001
13,0.30805620551109314,1.7078151074952195,0.18630439043045044,1.8487539822609538,0.001
14,0.3114579916000366,1.7058326658280263,0.3276052176952362,1.6926379799108453,0.001
15,0.31831470131874084,1.6947104102109005,0.33635950088500977,1.6855613610351932,0.001
16,0.3192891776561737,1.6915986350526317,0.284676730632782,1.8348558541363404,0.001
17,0.32341739535331726,1.6827768881981915,0.2720964848995209,1.8658872485106714,0.001
18,0.3224429190158844,1.6852523877727528,0.25231826305389404,1.7923947711235493,0.001
19,0.32075974345207214,1.6899773972096255,0.17625315487384796,1.912569185313173,0.001
20,0.31758829951286316,1.6934862218051239,0.28039684891700745,1.757599699235165,0.001
21,0.3120781183242798,1.700504940329279,0.18533168733119965,1.8714221413980763,0.001
22,0.30199679732322693,1.7204099093525886,0.3074378967285156,1.761012718863203,0.001
23,0.279619425535202,1.7590358936947805,0.2663251459598541,1.844323220176306,0.001
24,0.22923052310943604,nan,0.14836910367012024,nan,0.001
25,0.13091547787189484,nan,0.14836910367012024,nan,0.001
26,0.13091547787189484,nan,0.14836910367012024,nan,0.001
27,0.13091547787189484,nan,0.14836910367012024,nan,0.001
28,0.13091547787189484,nan,0.14836910367012024,nan,0.001
29,0.13091547787189484,nan,0.14836910367012024,nan,0.001
30,0.13091547787189484,nan,0.14836910367012024,nan,0.001
31,0.13091547787189484,nan,0.14836910367012024,nan,0.001
32,0.13091547787189484,nan,0.14836910367012024,nan,0.001
33,0.13091547787189484,nan,0.14836910367012024,nan,0.001
34,0.13091547787189484,nan,0.14836910367012024,nan,0.001
35,0.13091547787189484,nan,0.14836910367012024,nan,0.001
36,0.13091547787189484,nan,0.14836910367012024,nan,0.001
37,0.13091547787189484,nan,0.14836910367012024,nan,0.0001
38,0.13091547787189484,nan,0.14836910367012024,nan,0.0001
39,0.13091547787189484,nan,0.14836910367012024,nan,0.0001
40,0.13091547787189484,nan,0.14836910367012024,nan,0.0001
41,0.13091547787189484,nan,0.14836910367012024,nan,0.0001
42,0.13091547787189484,nan,0.14836910367012024,nan,0.0001
43,0.13091547787189484,nan,0.14836910367012024,nan,0.0001
44,0.13091547787189484,nan,0.14836910367012024,nan,0.0001
45,0.13091547787189484,nan,0.14836910367012024,nan,0.0001
46,0.13091547787189484,nan,0.14836910367012024,nan,0.0001
47,0.13091547787189484,nan,0.14836910367012024,nan,0.0001
48,0.13091547787189484,nan,0.14836910367012024,nan,0.0001
49,0.13091547787189484,nan,0.14836910367012024,nan,0.0001
50,0.13091547787189484,nan,0.14836910367012024,nan,0.0001
51,0.13091547787189484,nan,0.14836910367012024,nan,0.0001
52,0.13091547787189484,nan,0.14836910367012024,nan,0.0001
53,0.13091547787189484,nan,0.14836910367012024,nan,0.0001
54,0.13091547787189484,nan,0.14836910367012024,nan,0.0001
55,0.13091547787189484,nan,0.14836910367012024,nan,0.0001
56,0.13091547787189484,nan,0.14836910367012024,nan,0.0001
57,0.13091547787189484,nan,0.14836910367012024,nan,0.0001
58,0.13091547787189484,nan,0.14836910367012024,nan,1e-05
59,0.13091547787189484,nan,0.14836910367012024,nan,1e-05
60,0.13091547787189484,nan,0.14836910367012024,nan,1e-05
61,0.13091547787189484,nan,0.14836910367012024,nan,1e-05
62,0.13091547787189484,nan,0.14836910367012024,nan,1e-05
63,0.13091547787189484,nan,0.14836910367012024,nan,1e-05
64,0.13091547787189484,nan,0.14836910367012024,nan,1e-05
65,0.13091547787189484,nan,0.14836910367012024,nan,1e-05
66,0.13091547787189484,nan,0.14836910367012024,nan,1e-05
67,0.13091547787189484,nan,0.14836910367012024,nan,1e-05
68,0.13091547787189484,nan,0.14836910367012024,nan,1e-05
69,0.13091547787189484,nan,0.14836910367012024,nan,1e-05
70,0.13091547787189484,nan,0.14836910367012024,nan,1e-05
71,0.13091547787189484,nan,0.14836910367012024,nan,1e-05
72,0.13091547787189484,nan,0.14836910367012024,nan,1e-05
73,0.13091547787189484,nan,0.14836910367012024,nan,1e-05
74,0.13091547787189484,nan,0.14836910367012024,nan,1e-05
75,0.13091547787189484,nan,0.14836910367012024,nan,1e-05
76,0.13091547787189484,nan,0.14836910367012024,nan,1e-05
77,0.13091547787189484,nan,0.14836910367012024,nan,1e-05
78,0.13091547787189484,nan,0.14836910367012024,nan,1e-05
79,0.13091547787189484,nan,0.14836910367012024,nan,1.0000000000000002e-06
80,0.13091547787189484,nan,0.14836910367012024,nan,1.0000000000000002e-06
81,0.13091547787189484,nan,0.14836910367012024,nan,1.0000000000000002e-06
82,0.13091547787189484,nan,0.14836910367012024,nan,1.0000000000000002e-06
83,0.13091547787189484,nan,0.14836910367012024,nan,1.0000000000000002e-06
84,0.13091547787189484,nan,0.14836910367012024,nan,1.0000000000000002e-06
85,0.13091547787189484,nan,0.14836910367012024,nan,1.0000000000000002e-06
86,0.13091547787189484,nan,0.14836910367012024,nan,1.0000000000000002e-06
87,0.13091547787189484,nan,0.14836910367012024,nan,1.0000000000000002e-06
88,0.13091547787189484,nan,0.14836910367012024,nan,1.0000000000000002e-06
89,0.13091547787189484,nan,0.14836910367012024,nan,1.0000000000000002e-06
90,0.13091547787189484,nan,0.14836910367012024,nan,1.0000000000000002e-06
91,0.13091547787189484,nan,0.14836910367012024,nan,1.0000000000000002e-06
92,0.13091547787189484,nan,0.14836910367012024,nan,1.0000000000000002e-06
1,0.24237699806690216,1.8307010576487226,0.26541727781295776,1.809088172812722,0.001
2,0.26324835419654846,1.7700330400232054,0.278321772813797,1.7697842670286315,0.001
3,0.3227795362472534,1.6841635794354115,0.3006938695907593,1.7786326043128535,0.001
4,0.3493736982345581,1.6316721133592205,0.2928474247455597,1.7573335013047289,0.001
5,0.35901206731796265,1.6100752698110212,0.3106153905391693,1.7453619592825684,0.001
6,0.3625733256340027,1.595889875787908,0.3241683542728424,1.834769720040471,0.001
7,0.375259131193161,1.576357322327967,0.25212371349334717,1.8608229310663593,0.001
8,0.37997201085090637,1.5605788898363258,0.2568575441837311,1.8221799101658533,0.001
9,0.3832852244377136,1.5552239066871292,0.18585045635700226,1.8945891977585627,0.001
10,0.39106324315071106,1.5352517534934118,0.1906491070985794,1.8831416713797964,0.001
11,0.39877042174339294,1.5251595156372857,0.19869010150432587,1.9524249694403195,0.001
12,0.40098512172698975,1.5177483537385892,0.27034562826156616,1.9658603951761087,0.001
13,0.41145622730255127,1.5000997757992365,0.2746903598308563,1.9408234157850441,0.001
14,0.4124661386013031,1.4926154878775197,0.15135204792022705,2.250106898566859,0.001
15,0.4144327938556671,1.4909910838737164,0.1776149421930313,2.1776767176850806,0.001
16,0.41287362575531006,1.4961713759186641,0.18144088983535767,2.1264171313392257,0.001
17,0.40461722016334534,1.5042936103500808,0.19084365665912628,2.212672431106721,0.001
18,0.40589287877082825,1.502237699654098,0.20854678750038147,2.026807996698116,0.001
19,0.400240957736969,1.5091383673526702,0.17735555768013,2.0010464117844107,0.001
20,0.4033415615558624,1.5085689715724404,0.17755009233951569,2.3164956855538925,0.001
21,0.40497156977653503,1.506905542655395,0.10855326801538467,2.4468382898529453,0.001
22,0.4059460461139679,1.5005326197450288,0.2611373960971832,1.852617635869785,0.001
23,0.41335201263427734,1.4877811062946578,0.1650346964597702,2.243832431100205,0.001
24,0.41103100776672363,1.49450723280827,0.18118150532245636,2.1055122128674575,0.001
25,0.4271717369556427,1.4611758087623408,0.18559107184410095,2.2167447684579735,0.001
26,0.4319732189178467,1.447915850417133,0.16937941312789917,2.2214545668211207,0.001
27,0.43083930015563965,1.4554632744202212,0.420206218957901,1.514489212942745,0.0001
28,0.4410623610019684,1.4300762536483864,0.40632903575897217,1.51026114430473,0.0001
29,0.44309988617897034,1.4221870544366886,0.4462745487689972,1.4369670359604894,0.0001
30,0.44483619928359985,1.4177392478115163,0.4389469027519226,1.4379143433752988,0.0001
31,0.445491760969162,1.4169835921260316,0.4376499652862549,1.4390351978707936,0.0001
32,0.44308215379714966,1.4202305938639903,0.3765644133090973,1.602186520216677,0.0001
33,0.4473344087600708,1.4137632540851697,0.36755073070526123,1.6086901158768876,0.0001
34,0.44577524065971375,1.4152593366019337,0.38655081391334534,1.5482284834579567,0.0001
35,0.44527915120124817,1.4143459666588671,0.4484793543815613,1.4211606520420923,0.0001
36,0.44729897379875183,1.4119512891894446,0.4184553623199463,1.5386071003455069,0.0001
37,0.44938963651657104,1.410679561542131,0.4411516785621643,1.4399791086518605,0.0001
38,0.4491061568260193,1.4090536793101884,0.3349977433681488,1.7279715558742164,0.0001
39,0.44798994064331055,1.4124888450198245,0.43953052163124084,1.456845953332938,0.0001
40,0.44809624552726746,1.4115957597346214,0.40574541687965393,1.5539586546742479,0.0001
41,0.44742298126220703,1.4148412369661194,0.43810388445854187,1.4438193173625267,0.0001
42,0.4457398056983948,1.4182135708895023,0.39420270919799805,1.5643125421055777,0.0001
43,0.4443401098251343,1.4187994477167662,0.403410941362381,1.526088418056742,0.0001
44,0.4460764527320862,1.4164030648623664,0.4209195375442505,1.4830075797925826,0.0001
45,0.44517284631729126,1.4175750953947843,0.40178975462913513,1.5667809242327446,0.0001
46,0.4432239234447479,1.4180856138207472,0.3921276032924652,1.541390107698566,0.0001
47,0.4457398056983948,1.420676839110663,0.43538030982017517,1.4503090105263317,0.0001
48,0.4419659674167633,1.4238473885862928,0.40256792306900024,1.579261000591929,0.0001
49,0.44088518619537354,1.424981847878281,0.4307762086391449,1.4649864978637532,0.0001
50,0.44134584069252014,1.4263100971356693,0.4286362826824188,1.476672132557433,0.0001
1,0.25745469331741333,1.7947705491530592,0.1650346964597702,1.9122291010306292,0.001
2,0.3388848602771759,1.6404573567856744,0.18779586255550385,2.5022451903104055,0.001
3,0.41370636224746704,1.4697690414095268,0.35425716638565063,1.5782249302230498,0.001
4,0.4605163037776947,1.3608949743702994,0.18727709352970123,2.296783073396351,0.001
5,0.4925851821899414,1.296729205999724,0.37422993779182434,1.5967783663153965,0.001
6,0.5160964727401733,1.2494298804966062,0.3822709321975708,1.6329736614279862,0.001
7,0.5278078317642212,1.2206959122962273,0.22320212423801422,2.323334717640779,0.001
8,0.5401570200920105,1.1980585224312774,0.2580896317958832,1.9116377260162243,0.001
9,0.5438068509101868,1.1863662121523657,0.3413527011871338,1.8405564000082266,0.001
10,0.549795389175415,1.174882135575242,0.11964204907417297,3.33794606137806,0.001
11,0.5512481927871704,1.167557063480113,0.16633161902427673,2.763780364467046,0.001
12,0.5532503128051758,1.1654758041255313,0.18481291830539703,2.513555298549765,0.001
13,0.5563154816627502,1.1595627688129793,0.16516438126564026,2.776274518800937,0.001
14,0.5455254316329956,1.1921308817260838,0.19940340518951416,2.10204896530469,0.001
15,0.533920407295227,1.2215465785986444,0.2650282084941864,3.256619473358945,0.001
16,0.5357630252838135,1.2098181896169502,0.27378249168395996,1.9922160847039703,0.001
17,0.5393065214157104,1.1989852355078665,0.1495363414287567,2.692960630246432,0.001
18,0.5359047651290894,1.2116937007921964,0.26541727781295776,2.959726872220592,0.001
19,0.5272054076194763,1.2356422936049756,0.2650282084941864,3.667371111461589,0.001
20,0.5198171734809875,1.2503087730500309,0.22916801273822784,3.4537938845064087,0.001
21,0.5079640746116638,1.2745671796945708,0.2645742893218994,3.4827408663347286,0.001
22,0.5094523429870605,1.2702595463604376,0.1544646918773651,2.5533172768243486,0.001
23,0.5195159912109375,1.249554803943345,0.2652227580547333,4.013125067469629,0.001
24,0.514856219291687,1.2663132201683065,0.26541727781295776,4.152829210857621,0.001
25,0.5376942157745361,1.2041053831787456,0.3093184530735016,1.7299394499783263,0.0001
26,0.5435056090354919,1.1920597231410692,0.20919525623321533,2.3995157161982528,0.0001
27,0.542761504650116,1.189286526950021,0.3800661563873291,1.5944144040351944,0.0001
28,0.5424602627754211,1.1906476849729517,0.30036962032318115,2.2144443481536347,0.0001
29,0.5428677797317505,1.1898337857483006,0.26762208342552185,2.9695740268508883,0.0001
30,0.5387395620346069,1.1977939641407456,0.39517539739608765,1.6689708044027882,0.0001
31,0.5406708121299744,1.1965522570363436,0.26535242795944214,2.8714404710651285,0.0001
32,0.5374107360839844,1.203955918040946,0.26613059639930725,2.639530730814903,0.0001
33,0.5387041568756104,1.202757717433484,0.11860450357198715,3.2291925669133867,0.0001
34,0.5395191311836243,1.2017838377201595,0.3404448330402374,1.739654755199646,0.0001
35,0.5377119779586792,1.2001093370816753,0.13533493876457214,3.0875229375092297,0.0001
36,0.5379776954650879,1.2005019168728217,0.18455353379249573,3.677113731642903,0.0001
37,0.5393065214157104,1.204467780975601,0.35380324721336365,1.831917145845762,0.0001
38,0.5367375016212463,1.2077323556805977,0.28727060556411743,2.1103063912623883,0.0001
39,0.5358161926269531,1.2086521409404043,0.1475261002779007,3.5906906934047624,0.0001
40,0.5373398661613464,1.2055059647661923,0.2391543984413147,2.6029658069886414,0.0001
41,0.5393419861793518,1.2018125780658488,0.2680111527442932,2.1257723414567833,0.0001
42,0.5395900011062622,1.205904489939278,0.1302768886089325,3.0248555335296006,0.0001
43,0.5385624170303345,1.2041250401233787,0.14344076812267303,2.477906849928368,0.0001
44,0.5384206771850586,1.2020718593266742,0.38064977526664734,1.7199719721191349,0.0001
45,0.5357984304428101,1.2056942673383906,0.14032812416553497,2.8819151809495227,0.0001
46,0.5421059131622314,1.19397992472597,0.5113157629966736,1.2811257115026353,1e-05
47,0.5432221293449402,1.1895179449946944,0.5235717296600342,1.2573093005279863,1e-05
48,0.5440548658370972,1.1893360960422512,0.5324557423591614,1.250869001274512,1e-05
49,0.5444623827934265,1.1875235297036513,0.525711715221405,1.26899567851528,1e-05
50,0.5445155501365662,1.1902066071314261,0.5288243293762207,1.2440582230724826,1e-05
51,0.5431512594223022,1.1888662629984932,0.5321963429450989,1.2380101970410766,1e-05
52,0.5468542575836182,1.1843423711757437,0.530186116695404,1.2434387586899254,1e-05
53,0.5464467406272888,1.1877182087721092,0.5303806662559509,1.2515063636475026,1e-05
54,0.5439839959144592,1.1886747118828622,0.5288891792297363,1.2507476751368825,1e-05
55,0.5456671714782715,1.1880021280148385,0.5318073034286499,1.241064221538479,1e-05
56,0.5448167324066162,1.1878443224636521,0.5266844034194946,1.2490698303912573,1e-05
57,0.5431158542633057,1.1879432961658631,0.5194864273071289,1.2712612005610016,1e-05
58,0.545862078666687,1.1870632003760795,0.5325854420661926,1.2391054624095283,1e-05
59,0.5448167324066162,1.1888349527010866,0.4997730255126953,1.303234296483247,1e-05
60,0.5433815717697144,1.190994945794259,0.5172816514968872,1.2653782744327569,1e-05
61,0.5438068509101868,1.1906075190353886,0.5194215774536133,1.2655894366708929,1e-05
62,0.5428323745727539,1.191368348565827,0.5139095783233643,1.3065388492786207,1e-05
63,0.5449761748313904,1.1887883195397035,0.5270734429359436,1.2557363633585072,1e-05
64,0.5423893928527832,1.1910871366946694,0.5214318037033081,1.2657266271523284,1e-05
65,0.544196605682373,1.1877855591503552,0.5340120792388916,1.241237068499397,1e-05
66,0.542300820350647,1.1900610807685827,0.5325854420661926,1.2434479973596184,1e-05
1,0.24113677442073822,1.81353327960013,0.1295635849237442,1.8819384298144624,0.001
2,0.26572883129119873,1.7692717341625137,0.2852603495121002,1.744908658394932,0.001
3,0.30534541606903076,1.7113196614830253,0.2824719548225403,1.782040106153281,0.001
4,0.3224606215953827,1.6843251509090345,0.21885740756988525,1.8422418158231066,0.001
5,0.33870768547058105,1.6583438992185602,0.33019909262657166,1.67946745024203,0.001
6,0.34421786665916443,1.6470833897846202,0.2288437783718109,1.8140708625057653,0.001
1,0.24080012738704681,1.8310698832005015,0.26541727781295776,1.8111886565272937,0.001
2,0.2450169324874878,1.8098200721403293,0.26541727781295776,1.831609274849231,0.001
3,0.24584965407848358,1.8053238288678795,0.2169768512248993,1.8131162538176557,0.001
4,0.25368085503578186,1.791864016532087,0.26541727781295776,1.8045250413080929,0.001
5,0.24866674840450287,1.7994601110663433,0.26541727781295776,1.8079836456377245,0.001
6,0.24864903092384338,1.8004786317365082,0.26541727781295776,1.8145702123162688,0.001
7,0.24724934995174408,1.7935096390016154,0.26541727781295776,1.8563886112712575,0.001
8,0.24742652475833893,1.7911324851942638,0.26541727781295776,1.8065868676323331,0.001
9,0.24857816100120544,1.787521707595754,0.2571817636489868,1.8026445169376497,0.001
10,0.24893252551555634,1.7866311722965442,0.26541727781295776,1.8084063403654806,0.001
11,0.24965894222259521,1.7851739158109272,0.2694377899169922,1.7910900844240396,0.001
12,0.2518027722835541,1.783141491852054,0.2676869332790375,1.7964328256580093,0.001
13,0.25382259488105774,1.7787548440700829,0.266973614692688,1.782351914635506,0.001
14,0.2571534812450409,1.7769591530894167,0.272420734167099,1.7805267549753112,0.001
15,0.2483832687139511,1.7827845376919316,0.26541727781295776,1.8060210258392855,0.001
16,0.24597367644309998,1.7930638934852015,0.26541727781295776,1.8307552538171028,0.001
17,0.24707217514514923,1.8001347300801063,0.26541727781295776,1.8015366994440227,0.001
18,0.2481529414653778,1.8038311541894692,0.26541727781295776,1.8085916737283794,0.001
19,0.24801120162010193,1.806889951887016,0.26541727781295776,1.8034098816554947,0.001
20,0.24730250239372253,nan,0.14836910367012024,nan,0.001
21,0.13091547787189484,nan,0.14836910367012024,nan,0.001
1,0.2389397770166397,1.8324226985331964,0.26541727781295776,1.8131864842301126,0.001
2,0.24485747516155243,1.8093736192568883,0.26541727781295776,1.8076194204575093,0.001
3,0.2440778911113739,1.8070195120599761,0.26541727781295776,1.8080363846437437,0.001
4,0.25079286098480225,1.7883259686877768,0.2803320288658142,1.7846902980545323,0.001
5,0.2584468722343445,1.775060954414297,0.2671681344509125,1.7689716100352615,0.001
6,0.27129215002059937,1.7627816081408227,0.2957655191421509,1.7501540578731218,0.001
7,0.27910563349723816,1.7490058409766605,0.2982296943664551,1.7378170904069008,0.001
8,0.28750377893447876,1.734381609484618,0.3051034212112427,1.731600876425299,0.001
9,0.29336830973625183,1.7244862255541769,0.26567667722702026,1.829923656917362,0.001
10,0.2946617007255554,1.7184865608481625,0.17703132331371307,1.8437286715247458,0.001
11,0.29882532358169556,1.7126593659355436,0.26541727781295776,1.8258054509916455,0.001
12,0.3071525990962982,1.7017332651903192,0.2664548456668854,1.862489087519328,0.001
13,0.31888166069984436,1.6904329338341715,0.21606899797916412,1.8851719933426276,0.001
14,0.3186867833137512,1.6847744891130747,0.276895135641098,1.7941092607475781,0.001
15,0.31983843445777893,1.6860822035507195,0.26885417103767395,1.7892554027469434,0.001
16,0.303928017616272,1.707483291514035,0.2017378956079483,1.8424535858655098,0.001
17,0.25864177942276,1.78082948349569,0.2647688090801239,1.8371857175118311,0.001
18,0.2787335515022278,1.754742968422688,0.2150314450263977,1.8191510008108245,0.001
19,0.2980457544326782,1.7275152413681711,0.2658063769340515,1.82353583859312,0.001
20,0.2902854382991791,1.7466875106881443,0.23331819474697113,1.8305328318012277,0.001
21,0.24809978902339935,1.800987217377764,0.26904869079589844,1.807782485624068,0.001
22,0.24188090860843658,1.8109980080472032,0.26541727781295776,1.8083637901552534,0.001
23,0.1792314201593399,nan,0.14836910367012024,nan,0.001
1,0.2383301705121994,1.8362108600742142,0.24545955657958984,1.8764724436866496,0.001
2,0.3018112778663635,1.7282055754157333,0.228123277425766,1.9301580424878253,0.001
3,0.35901328921318054,1.5994286511300946,0.12107869982719421,2.586810596053523,0.001
4,0.40669313073158264,1.503469339559587,0.24367089569568634,1.9263003034518194,0.001
5,0.42615145444869995,1.4492058007043045,0.37231701612472534,1.6323973769070883,0.001
6,0.43087804317474365,1.424983775288725,0.33943313360214233,1.7206602694900337,0.001
7,0.44878387451171875,1.3919617678227867,0.2846725285053253,1.871968235822582,0.001
8,0.45295843482017517,1.3700467627151725,0.2129884511232376,1.9401860095408834,0.001
9,0.46141108870506287,1.353896927812993,0.12396807968616486,2.9715450304710544,0.001
10,0.4719337821006775,1.3317606243939981,0.3086130917072296,1.9104888168218441,0.001
11,0.47838538885116577,1.3177022726839733,0.3823610544204712,1.6055818113181115,0.001
12,0.48842504620552063,1.2986810573569985,0.37548157572746277,1.6613664830459234,0.001
13,0.494324654340744,1.27906646231279,0.3035222887992859,2.0227968345058445,0.001
14,0.507365882396698,1.2597754188050314,0.1267198771238327,2.689474606159695,0.001
15,0.5107124447822571,1.249094819981455,0.2667859196662903,2.569655052829589,0.001
16,0.51854407787323,1.2339187849919016,0.4134562611579895,1.6431259649693475,0.001
17,0.5171295404434204,1.2386125945255266,0.24738579988479614,2.482295587945916,0.001
18,0.525823712348938,1.2205888058577032,0.1414419412612915,3.0617514830995014,0.001
19,0.5260997414588928,1.2209294530591492,0.1230049580335617,2.8795704074003043,0.001
20,0.5325513482093811,1.2131434045250054,0.2666483223438263,2.1032762352949192,0.001
21,0.532930850982666,1.2020404826613855,0.37259218096733093,1.6492347069736621,0.001
22,0.5348973870277405,1.2038487610250213,0.20803523063659668,2.9923936234244817,0.001
23,0.5339313745498657,1.211241014344704,0.17680242657661438,2.3228865962272565,0.001
24,0.5312402844429016,1.2140751391500157,0.22206935286521912,2.2975492155938997,0.001
25,0.5424529910087585,1.191360283498417,0.13084755837917328,2.367757686364106,0.001
26,0.5505951642990112,1.1778407520192522,0.40877822041511536,1.6378604418377203,0.001
27,0.547662615776062,1.170625185226189,0.23954319953918457,2.3275699114235273,0.001
28,0.5533552169799805,1.1637755126691551,0.19826637208461761,2.7962233579349047,0.001
29,0.5567707419395447,1.160848147667172,0.25990644097328186,1.9977297824230835,0.001
30,0.5615318417549133,1.145738625333127,0.21959273517131805,2.2552178501754785,0.001
31,0.5617733597755432,1.1427381510238555,0.1765272468328476,2.344305942658218,0.001
32,0.570467472076416,1.1271458816832667,0.21917997300624847,2.5573075451428378,0.001
33,0.5853372812271118,1.080426247532828,0.5361860394477844,1.2017007204747554,0.0001
34,0.5933068990707397,1.0637251389382398,0.5020638704299927,1.3184767452385902,0.0001
35,0.5947214365005493,1.062255868342944,0.5582003593444824,1.1597946660493714,0.0001
36,0.5945489406585693,1.0621818290900953,0.5312328338623047,1.2083409802888734,0.0001
37,0.5950664281845093,1.0604500290276944,0.5687947273254395,1.1236142019813509,0.0001
38,0.5988270044326782,1.054932342115221,0.49367088079452515,1.299199767078616,0.0001
39,0.595894455909729,1.0548410928473506,0.4521188735961914,1.4616243673932374,0.0001
40,0.5988270044326782,1.0555010996297534,0.4669785499572754,1.4558511896322373,0.0001
41,0.5937899351119995,1.056426725643389,0.481700599193573,1.356674223268957,0.0001
42,0.5927549004554749,1.0552901314068646,0.48624107241630554,1.3412443320043939,0.0001
43,0.6002070307731628,1.0553107414776979,0.5422399640083313,1.186946588882589,0.0001
44,0.5970329642295837,1.0501736773937884,0.5388002395629883,1.2070258263053641,0.0001
45,0.599620521068573,1.051057999706153,0.5194001197814941,1.243408595393763,0.0001
46,0.5984820127487183,1.0472600289597807,0.35044029355049133,1.7709818573921805,0.0001
47,0.6007245182991028,1.0461228278128674,0.5187121629714966,1.2563531110755153,0.0001
48,0.6057271361351013,1.0403099298723941,0.5283434391021729,1.2473789939003852,0.0001
49,0.6048991084098816,1.0371517295279709,0.5346725583076477,1.2003781804030718,0.0001
50,0.6023115515708923,1.0434191346806,0.5060539245605469,1.3051466968076597,0.0001
51,0.6000000238418579,1.0454036832267053,0.558337926864624,1.1815076404439269,0.0001
52,0.6055546402931213,1.03750994186556,0.44744083285331726,1.461327313589538,0.0001
1,0.2442297786474228,1.862774075913968,0.24545955657958984,1.8259191334608431,0.001
2,0.2591685354709625,1.7937612362600552,0.24545955657958984,1.8763368339675037,0.001
3,0.30712437629699707,1.7207949851080326,0.26554760336875916,1.8018787411063597,0.001
4,0.3476625978946686,1.6317480645756361,0.2626582384109497,1.9148404085839523,0.001
5,0.3757805824279785,1.573042037048195,0.17597688734531403,2.0256478629009895,0.001
6,0.3981369733810425,1.5280360984251131,0.19413869082927704,1.907908503866222,0.001
7,0.4080386459827423,1.5078399894359669,0.16992294788360596,2.0654101892690706,0.001
8,0.4069001376628876,1.50929760846965,0.17790314555168152,2.024181333687782,0.001
9,0.4304295480251312,1.4612633364312049,0.1579526662826538,2.3480882657774873,0.001
10,0.4443332850933075,1.424946068532923,0.18877270817756653,2.0494044947637327,0.001
11,0.44236674904823303,1.4228808777402635,0.3215465247631073,1.8679529313012408,0.001
12,0.4460238218307495,1.4191203603708313,0.20665933191776276,1.876348523104263,0.001
13,0.46427464485168457,1.365753091806705,0.46408915519714355,1.3707228915404013,0.0001
14,0.4784543812274933,1.339737044903293,0.46973031759262085,1.350538546854018,0.0001
15,0.48086944222450256,1.328226647612266,0.4766097962856293,1.3356475899622344,0.0001
16,0.4872865378856659,1.3211550189643888,0.47702255845069885,1.3327621200547877,0.0001
17,0.4839399755001068,1.3209887404390013,0.43065494298934937,1.4489955404136754,0.0001
18,0.4888390600681305,1.3157738907657575,0.4686296284198761,1.353457549475154,0.0001
19,0.4910815954208374,1.3093145902637615,0.4830765128135681,1.317032227623771,0.0001
20,0.4893565773963928,1.3118940362770721,0.4470280706882477,1.43605763261372,0.0001
21,0.4900120794773102,1.306698989057944,0.44771602749824524,1.4044099363181115,0.0001
22,0.49242714047431946,1.3059262252088373,0.47922399640083313,1.332838871679794,0.0001
23,0.4937726557254791,1.304375769982199,0.46973031759262085,1.3513065903279962,0.0001
24,0.49346214532852173,1.305842378412174,0.4793615937232971,1.3311121512325372,0.0001
25,0.49297913908958435,1.3055281416720432,0.4500550329685211,1.3557283283264085,0.0001
26,0.4957391917705536,1.304791989473715,0.4415245056152344,1.4474572390071887,0.0001
27,0.49297913908958435,1.301307569056806,0.46381399035453796,1.3452420920937285,0.0001
28,0.4976022243499756,1.297223577343926,0.46752890944480896,1.3619168160968123,0.0001
29,0.5055718421936035,1.2814263448481604,0.49339571595191956,1.2913699970838455,1e-05
30,0.5119889974594116,1.2780750169165076,0.5006879568099976,1.279837785215908,1e-05
31,0.5086079239845276,1.27936691738561,0.4943588376045227,1.2870538438094732,1e-05
32,0.507538378238678,1.2758914722457761,0.500550389289856,1.2832116343913396,1e-05
33,0.5081593990325928,1.2763515959778016,0.4983489215373993,1.2808967568287826,1e-05
34,0.5072624087333679,1.2782178050385522,0.4888552725315094,1.3007341369404266,1e-05
35,0.5072624087333679,1.2751110599599091,0.5012382864952087,1.2797961946234444,1e-05
36,0.5083318948745728,1.2741472366618272,0.4995872378349304,1.2856346977629634,1e-05
37,0.5078489184379578,1.2808684587314125,0.4982113540172577,1.279104821027211,1e-05
38,0.5086079239845276,1.2780702221284597,0.4997248351573944,1.2773295203997792,1e-05
39,0.5095394253730774,1.2724636002452245,0.5030269622802734,1.2780092797833087,1e-05
40,0.5065034031867981,1.2767909453905142,0.49545955657958984,1.2790630317744673,1e-05
41,0.5124029517173767,1.2697439686561507,0.49903687834739685,1.279241737980861,1e-05
42,0.5101949572563171,1.2730562770656622,0.503439724445343,1.2738009576424834,1e-05
43,0.5134724974632263,1.2712816496768944,0.5015134811401367,1.27738559311671,1e-05
44,0.5117129683494568,1.2734717920317165,0.49862411618232727,1.2791837407260658,1e-05
45,0.5134379863739014,1.2696149050582786,0.5026142001152039,1.2770748417916769,1e-05
46,0.5086424350738525,1.271751885202726,0.5049532055854797,1.2756408994907722,1e-05
47,0.5120924711227417,1.2723390861525707,0.49752339720726013,1.287669430805158,1e-05
48,0.5103329420089722,1.2721906097177516,0.5061915516853333,1.274598158317801,1e-05
49,0.5126444697380066,1.269010143204354,0.49917447566986084,1.2781472666682159,1e-05
50,0.5138174891471863,1.267166464707554,0.5068795084953308,1.2790215016723532,1e-05
51,0.5101949572563171,1.2700863482809404,0.4997248351573944,1.2821970964829608,1e-05
52,0.5133000016212463,1.2643786178285836,0.50770503282547,1.2686316463142946,1.0000000000000002e-06
53,0.5150595307350159,1.2644818590327709,0.5016511082649231,1.276665779477499,1.0000000000000002e-06
54,0.514507532119751,1.2652840033962702,0.5064666867256165,1.272648792379691,1.0000000000000002e-06
55,0.5158875584602356,1.2663676859367217,0.503714919090271,1.2708155709961055,1.0000000000000002e-06
56,0.5123339891433716,1.26641308744344,0.503990113735199,1.2696818103485863,1.0000000000000002e-06
57,0.5133690237998962,1.2680983672373167,0.5086681246757507,1.26507117371672,1.0000000000000002e-06
58,0.5134379863739014,1.2627162526800075,0.5072922706604004,1.2694771613927747,1.0000000000000002e-06
59,0.5128859877586365,1.2688404909964366,0.5064666867256165,1.2676987306193854,1.0000000000000002e-06
60,0.5135070085525513,1.2687469772743896,0.5017886757850647,1.2739510349867826,1.0000000000000002e-06
61,0.5173365473747253,1.262740017978286,0.5112823247909546,1.2664605055658387,1.0000000000000002e-06
62,0.5117129683494568,1.2671530878953077,0.5057787895202637,1.2701794733762348,1.0000000000000002e-06
63,0.5124374628067017,1.2677212822328296,0.5061915516853333,1.2682133177577235,1.0000000000000002e-06
64,0.5125064849853516,1.2672840391291984,0.5086681246757507,1.265575153393344,1.0000000000000002e-06
65,0.5126789808273315,1.2687642038536828,0.5085305571556091,1.271768250042879,1.0000000000000002e-06
66,0.5130239725112915,1.2661516512470532,0.5022014379501343,1.274988263796238,1.0000000000000002e-06
67,0.5119889974594116,1.2667001927291728,0.5085305571556091,1.2737830875335845,1.0000000000000002e-07
68,0.5156460404396057,1.2636519567872277,0.5112823247909546,1.2635927915441905,1.0000000000000002e-07
69,0.5099189281463623,1.2681581032405707,0.5061915516853333,1.2697814685273576,1.0000000000000002e-07
70,0.5134724974632263,1.2695750433226094,0.5057787895202637,1.2662208777046098,1.0000000000000002e-07
71,0.5132309794425964,1.2650991769994315,0.503990113735199,1.270171910573574,1.0000000000000002e-07
72,0.5125064849853516,1.26686187890227,0.5015134811401367,1.2690706548286652,1.0000000000000002e-07
73,0.5133690237998962,1.2707167723558475,0.5070170760154724,1.2687757559116555,1.0000000000000002e-07
74,0.5131620168685913,1.264789374388352,0.5086681246757507,1.2652794149595101,1.0000000000000002e-07
75,0.5121960043907166,1.26857121600269,0.5079801678657532,1.2709876691894868,1.0000000000000002e-07
76,0.5156460404396057,1.2653214709232732,0.5060539245605469,1.2693813806322818,1.0000000000000002e-07
77,0.5133000016212463,1.2643691803229888,0.5057787895202637,1.2706254317200176,1.0000000000000002e-07
78,0.5145420432090759,1.2668389068300485,0.5068795084953308,1.2685044461314863,1.0000000000000004e-08
79,0.5137829780578613,1.2640030083541975,0.5063291192054749,1.2697772777008367,1.0000000000000004e-08
80,0.5124029517173767,1.265958009597781,0.5090808868408203,1.265963076233011,1.0000000000000004e-08
81,0.5104019641876221,1.2716260967448763,0.5064666867256165,1.268902075113539,1.0000000000000004e-08
82,0.5132309794425964,1.2695296644280238,0.5088057518005371,1.2713672768367668,1.0000000000000004e-08
83,0.5155425071716309,1.2669378964679292,0.507154643535614,1.2716968366584085,1.0000000000000004e-08
1,0.24343626201152802,1.851422459301464,0.24545955657958984,1.833100183625502,0.001
2,0.2496463805437088,1.8256106674948787,0.24545955657958984,1.8341336629517995,0.001
3,0.25078490376472473,1.821634843441172,0.24545955657958984,1.8289988801317945,0.001
4,0.2504054009914398,1.8130260667781162,0.18409466743469238,1.8922469334479013,0.001
5,0.24874936044216156,1.7947800653935384,0.24532195925712585,1.834760944529687,0.001
6,0.2522684335708618,1.8034726677710833,0.24408365786075592,1.8314305932953518,0.001
7,0.27417629957199097,1.7761642438451937,0.21959273517131805,1.8444379036021088,0.001
8,0.2899775803089142,1.7580049150253712,0.27118876576423645,1.7740411375929643,0.001
9,0.3197515904903412,1.7080907296246037,0.22138139605522156,1.9394665831186382,0.001
10,0.3410729765892029,1.6655648681980506,0.21917997300624847,1.8960026942837285,0.001
11,0.3507331609725952,1.6481074700586669,0.18657127022743225,1.9715793546110834,0.001
12,0.3609108328819275,1.6305975145443936,0.23954319953918457,1.8842179539706199,0.001
13,0.3625323474407196,1.6178078960710216,0.30049532651901245,1.7815881220928311,0.001
14,0.3673969507217407,1.6012431967149465,0.27091360092163086,1.920801772215764,0.001
15,0.3793686628341675,1.5821182995474254,0.2388552576303482,1.9122985205154335,0.001
16,0.37536656856536865,1.5930675390569922,0.2533021569252014,1.8686669828082154,0.001
17,0.3816111981868744,1.5713133786410243,0.2663731575012207,1.873932946692736,0.001
18,0.39334139227867126,1.5492499782892266,0.38525041937828064,1.5727011812999476,0.0001
19,0.40093153715133667,1.538075255142608,0.37369289994239807,1.5921159567384189,0.0001
20,0.40351906418800354,1.5345047037457935,0.37754541635513306,1.5866642279092205,0.0001
21,0.4018975496292114,1.5338473791662364,0.38332417607307434,1.5737487109204735,0.0001
22,0.40003451704978943,1.532461501093225,0.3966703414916992,1.5420185907502455,0.0001
23,0.40414008498191833,1.530297476702031,0.3785085380077362,1.5796839759188428,0.0001
24,0.4029325544834137,1.5311429289387941,0.3780957758426666,1.5807795406503211,0.0001
25,0.40538209676742554,1.527659305054627,0.3194826543331146,1.7679683984998955,0.0001
26,0.40248405933380127,1.5302632845823818,0.3386076092720032,1.6952093474210195,0.0001
27,0.4029325544834137,1.5276868986964165,0.3453494906425476,1.6993928988949571,0.0001
28,0.40282905101776123,1.5252306448666828,0.32484865188598633,1.786432424743686,0.0001
29,0.40520960092544556,1.5198033687224033,0.33723169565200806,1.71066105897176,0.0001
30,0.40776264667510986,1.5212734147065752,0.3545679748058319,1.656144742068184,0.0001
31,0.40731415152549744,1.5170256857915605,0.36529994010925293,1.616147078061143,0.0001
32,0.40589961409568787,1.5238390065687204,0.4113924205303192,1.5109214832576736,1e-05
33,0.4122477173805237,1.5146728758732162,0.4041001796722412,1.5086997758574583,1e-05
34,0.4105226993560791,1.5170260532202136,0.41070446372032166,1.5078843582706525,1e-05
35,0.4112817049026489,1.513269429324474,0.4083654582500458,1.5060550898854785,1e-05
36,0.4130757451057434,1.5148917643267552,0.40561366081237793,1.5063187483581266,1e-05
37,0.4115232229232788,1.5129594324497553,0.4141441881656647,1.5027214908704827,1e-05
38,0.410902202129364,1.5140176370511162,0.41593286395072937,1.5037038169460895,1e-05
39,0.4097291827201843,1.5138347368847405,0.41084206104278564,1.5017059752753494,1e-05
40,0.4117647111415863,1.5112895582305041,0.40671437978744507,1.5055453212430467,1e-05
41,0.4103846848011017,1.513103164720889,0.4112548232078552,1.5016933983344591,1e-05
42,0.40962567925453186,1.5136005784142155,0.41056686639785767,1.505536465836411,1e-05
43,0.41048818826675415,1.5128031679899996,0.41070446372032166,1.5056225004993957,1e-05
44,0.41072970628738403,1.5133986823452286,0.4098789393901825,1.5027094575554445,1e-05
45,0.41166120767593384,1.5113695030070922,0.4093285799026489,1.5068773590212807,1e-05
46,0.41141971945762634,1.5124711880627142,0.4094661474227905,1.504149592506669,1e-05
47,0.4130757451057434,1.5134883399089494,0.41111722588539124,1.5021563027675295,1e-05
48,0.4128687381744385,1.5114086899692403,0.40864062309265137,1.502691908858934,1e-05
49,0.41466277837753296,1.5104827402623868,0.41441938281059265,1.5007981265319463,1.0000000000000002e-06
50,0.41252371668815613,1.515031736518507,0.40506330132484436,1.5060663357762498,1.0000000000000002e-06
51,0.4137657582759857,1.5116696911884708,0.41042929887771606,1.5022019597286043,1.0000000000000002e-06
52,0.4114542007446289,1.5091302234838189,0.4094661474227905,1.5028063707057762,1.0000000000000002e-06
53,0.41242024302482605,1.5114128919064804,0.41097962856292725,1.504881208784054,1.0000000000000002e-06
54,0.4137657582759857,1.5120616355147138,0.40726473927497864,1.504967305577582,1.0000000000000002e-06
55,0.4141107499599457,1.5110702244437972,0.4096037447452545,1.5090566607182934,1.0000000000000002e-06
56,0.4141797721385956,1.5103239929015952,0.4118051826953888,1.5059958325025466,1.0000000000000002e-06
57,0.41041919589042664,1.5112756791722677,0.40905338525772095,1.5050982702677238,1.0000000000000002e-06
58,0.4135587513446808,1.5101434459393448,0.41441938281059265,1.5014183098100737,1.0000000000000002e-06
59,0.4124547243118286,1.5093638226762607,0.4113924205303192,1.5009040055723721,1.0000000000000002e-07
60,0.41273072361946106,1.508895554521155,0.4076775014400482,1.5025247223900777,1.0000000000000002e-07
61,0.4108332097530365,1.5095467333384829,0.40877822041511536,1.5061729797374828,1.0000000000000002e-07
62,0.4123857319355011,1.5112244820212297,0.4080902636051178,1.5035261277254952,1.0000000000000002e-07
63,0.41383475065231323,1.5091223394621933,0.4113924205303192,1.5038332416910225,1.0000000000000002e-07
64,0.4122132360935211,1.511062912145565,0.41400662064552307,1.5017279713247003,1.0000000000000002e-07
1,0.24002070724964142,1.8604548789230486,0.24545955657958984,1.821008521380763,0.001
2,0.2460928112268448,1.8210165616457106,0.24545955657958984,1.8403334700280516,0.001
3,0.24478179216384888,1.8093111032285587,0.2555035948753357,1.8441288231097543,0.001
4,0.2711402475833893,1.788994290484464,0.24903687834739685,1.81075290060332,0.001
5,0.2839054763317108,1.7696770520668432,0.279031366109848,1.7801915693886672,0.001
6,0.2858375012874603,1.7537546107496333,0.26940011978149414,1.7805408675000112,0.001
7,0.29170259833335876,1.7377628060359471,0.2962300479412079,1.7287619977320166,0.001
8,0.3052958548069,1.7210508475658173,0.25976884365081787,1.8438460925285411,0.001
9,0.31512853503227234,1.7031631898156154,0.28054484724998474,1.7845884200696047,0.001
10,0.32558220624923706,1.6842571455095274,0.32842597365379333,1.6921866106081613,0.001
11,0.3334483504295349,1.6737094975142968,0.30214640498161316,1.7226145103467188,0.001
12,0.3434535264968872,1.6549546016790506,0.35016509890556335,1.6580573683199675,0.001
13,0.3495946228504181,1.6369480462285677,0.28178316354751587,1.7855547973593973,0.001
14,0.3585647940635681,1.6227446273706978,0.24298293888568878,1.8707391410721614,0.001
15,0.3599793016910553,1.6186875475754672,0.19592735171318054,1.8817874628170939,0.001
16,0.3735380470752716,1.5988866985101258,0.2147771120071411,1.844786320535705,0.001
17,0.37164050340652466,1.59622530454353,0.2740781605243683,1.751824544298826,0.001
18,0.37760910391807556,1.5797050113284796,0.32457348704338074,1.695903879243329,0.001
19,0.3874762952327728,1.5590441023705024,0.3123280107975006,1.686326602296509,0.001
20,0.39234086871147156,1.5478510888009025,0.2001926302909851,1.9285286022662853,0.001
21,0.39178887009620667,1.542496701978868,0.15134838223457336,2.06762100237047,0.001
22,0.4136967360973358,1.4987804992128615,0.4225371479988098,1.4706693769616614,0.0001
23,0.42011386156082153,1.482397979889653,0.4190974235534668,1.4814430414875852,0.0001
24,0.4195963442325592,1.47635004773353,0.3789213001728058,1.5862535337989778,0.0001
25,0.4218388795852661,1.4733495755300083,0.39281782507896423,1.5607620076813014,0.0001
26,0.4260134696960449,1.464667611502976,0.4057512581348419,1.5232620519402924,0.0001
27,0.42670348286628723,1.4635634511097435,0.3258117735385895,1.7534887921239362,0.0001
28,0.4269794821739197,1.463355016412253,0.35360485315322876,1.6920245219930292,0.0001
29,0.42784199118614197,1.4649680291822866,0.27256467938423157,1.868281086198432,0.0001
30,0.4251854419708252,1.46508966261752,0.4214364290237427,1.4912698404042355,0.0001
31,0.4315335750579834,1.4597787196911345,0.312190443277359,1.8172869887008205,0.0001
32,0.4327755868434906,1.4506082195155638,0.4316180646419525,1.4445132607605409,1e-05
33,0.4355011284351349,1.4437066709952084,0.4351953864097595,1.4370641543042482,1e-05
34,0.431223064661026,1.4486953963323648,0.43436986207962036,1.4435797858251342,1e-05
35,0.4365706443786621,1.4442284169804953,0.43492019176483154,1.4411330281474397,1e-05
36,0.436812162399292,1.4447453301015014,0.4314804673194885,1.440249313872531,1e-05
37,0.4350181221961975,1.4428003457161358,0.4351953864097595,1.4353393272967803,1e-05
38,0.43591514229774475,1.4431228413877146,0.43643370270729065,1.4381024464185774,1e-05
39,0.4374331533908844,1.4406218328783589,0.43450742959976196,1.4324070040708594,1e-05
40,0.436950147151947,1.4389273761777563,0.4373968243598938,1.4369816543902416,1e-05
41,0.43298259377479553,1.4406107420178556,0.43698403239250183,1.4337615291037005,1e-05
42,0.43287909030914307,1.4387871017204352,0.4351953864097595,1.4313607114845406,1e-05
43,0.4372606575489044,1.436081459527594,0.44042378664016724,1.4272103842366313,1e-05
44,0.4410557448863983,1.4366784637747951,0.43698403239250183,1.4348844045062739,1e-05
45,0.43801966309547424,1.4361150084969831,0.4390479028224945,1.4357299518637692,1e-05
46,0.4365016520023346,1.4352204594793907,0.43987342715263367,1.4265202586311,1e-05
47,0.43895119428634644,1.4348228203627247,0.43808475136756897,1.429736790449723,1e-05
48,0.4429187774658203,1.4335845447890365,0.44235002994537354,1.4282279513862413,1e-05
49,0.438675194978714,1.4354197865748213,0.44042378664016724,1.4275558733585842,1e-05
50,0.43870967626571655,1.4330625661266287,0.4376719892024994,1.4290465222129338,1e-05
51,0.43957221508026123,1.4323560081269384,0.4353329837322235,1.427185157399028,1e-05
52,0.43815767765045166,1.4350569775747353,0.4431755840778351,1.4222483654631057,1e-05
53,0.440538227558136,1.4305928143629107,0.441662073135376,1.4293732478451977,1e-05
54,0.4422977566719055,1.428261618941575,0.44785362482070923,1.4220806281515446,1e-05
55,0.43933069705963135,1.4321051922505819,0.4449642300605774,1.4226346182573872,1e-05
56,0.4404347240924835,1.4289685655096718,0.4397358298301697,1.4295877272700896,1e-05
57,0.43933069705963135,1.4277203434517574,0.44193726778030396,1.4225136521233919,1e-05
58,0.44157323241233826,1.4292897059791188,0.4430379867553711,1.4228147717052329,1e-05
59,0.4400552213191986,1.4306675295799338,0.4376719892024994,1.428178741896487,1e-05
60,0.44019320607185364,1.4300518019931037,0.4393230676651001,1.4279147783477817,1e-05
61,0.44422978162765503,1.4247702173473549,0.4431755840778351,1.4233364490079696,1e-05
62,0.44236674904823303,1.4255953386772988,0.4397358298301697,1.426664713194033,1e-05
63,0.44236674904823303,1.4247701554087004,0.43987342715263367,1.420245317685847,1e-05
64,0.44019320607185364,1.4311322212342623,0.43835994601249695,1.42158946324392,1e-05
65,0.44560980796813965,1.422303350625294,0.4390479028224945,1.4286965995813767,1e-05
66,0.44405728578567505,1.4234269028473294,0.4411117434501648,1.4272293672498662,1e-05
67,0.4424702525138855,1.4241169875955837,0.44028618931770325,1.4197938803728951,1e-05
68,0.4429532587528229,1.426683139451438,0.44028618931770325,1.4243779768967406,1e-05
69,0.4430222511291504,1.4234925916940564,0.44400110840797424,1.4248143424027295,1e-05
70,0.44412627816200256,1.424936613733036,0.4506053924560547,1.4163566924217446,1e-05
71,0.44126272201538086,1.4223916424375702,0.4430379867553711,1.4153959156722897,1e-05
72,0.4420907497406006,1.4209265292873254,0.4375343918800354,1.4268706991046618,1e-05
73,0.4427807629108429,1.4206190719632459,0.44578978419303894,1.417110099527425,1e-05
74,0.44226324558258057,1.4232670910588334,0.4468904733657837,1.4181901402176902,1e-05
75,0.4416077435016632,1.4230726894930106,0.4482663869857788,1.4121312234975114,1e-05
76,0.4447818100452423,1.4195939981178598,0.44565218687057495,1.4124537541699658,1e-05
77,0.44692084193229675,1.419785996344617,0.445376992225647,1.4166934164133318,1e-05
78,0.44512680172920227,1.4153313378537546,0.44606494903564453,1.4178943166905993,1e-05
79,0.444091796875,1.4181590940616287,0.44207486510276794,1.4223200196280346,1e-05
80,0.44112473726272583,1.4148418863251104,0.44001102447509766,1.4162199250537744,1e-05
81,0.44498878717422485,1.41846886973803,0.4448266327381134,1.4111823476666465,1e-05
82,0.4433327615261078,1.4169223998443041,0.43478262424468994,1.420442474826588,1e-05
83,0.446265310049057,1.4148261016579524,0.44551458954811096,1.412415793523332,1e-05
84,0.4416767358779907,1.4158501078553172,0.4412493109703064,1.421628073604145,1e-05
85,0.44623082876205444,1.4134227037512066,0.4481287896633148,1.410148689690434,1e-05
86,0.4491288661956787,1.408264981320506,0.44730326533317566,1.4080063449726303,1e-05
87,0.44426429271698,1.4154400993590317,0.4484039843082428,1.4109822272860748,1e-05
88,0.446127325296402,1.4146108792612464,0.4503302276134491,1.4108706529021067,1e-05
89,0.44754183292388916,1.4123683422952968,0.44716566801071167,1.4087956463431157,1e-05
90,0.44443678855895996,1.414791462152852,0.44551458954811096,1.4090285012534378,1e-05
91,0.4493703842163086,1.4121123093458132,0.44757843017578125,1.405041047486225,1e-05
92,0.4448852837085724,1.411020240151144,0.4415245056152344,1.409659369476037,1e-05
93,0.44723135232925415,1.410579746876253,0.4503302276134491,1.4091164044252646,1e-05
94,0.44730034470558167,1.411356960100533,0.4500550329685211,1.4016648847845536,1e-05
95,0.4485768675804138,1.4100133569894093,0.4488167464733124,1.404097966460258,1e-05
96,0.4495083689689636,1.4064148969684815,0.4482663869857788,1.4090334486029734,1e-05
97,0.4471968412399292,1.4089877200081407,0.4485415518283844,1.4023226446415213,1e-05
98,0.4472658336162567,1.4090809551214007,0.4470280706882477,1.4065215369142146,1e-05
99,0.449818879365921,1.4070189934137136,0.4429003894329071,1.410172733160973,1e-05
100,0.44785234332084656,1.4072520705776337,0.4482663869857788,1.4052987815130524,1e-05
101,0.4483698606491089,1.4062591504984854,0.4525316655635834,1.401306706663666,2.0000000000000003e-06
102,0.4495083689689636,1.4045057600606037,0.4537699520587921,1.399790688143632,2.0000000000000003e-06
103,0.44830086827278137,1.4054248050140556,0.45156851410865784,1.4069028089646134,2.0000000000000003e-06
104,0.44940486550331116,1.4062883742291166,0.4445514678955078,1.407084445082098,2.0000000000000003e-06
105,0.4491288661956787,1.4037388155125987,0.4500550329685211,1.4004908064662196,2.0000000000000003e-06
106,0.449818879365921,1.4063118333258833,0.4462025463581085,1.4063243287306404,2.0000000000000003e-06
107,0.45033639669418335,1.4030243020932058,0.4463401138782501,1.403712392246979,2.0000000000000003e-06
108,0.44802483916282654,1.4058487663315107,0.4488167464733124,1.39970232440537,2.0000000000000003e-06
109,0.4480593502521515,1.406697279053432,0.44716566801071167,1.4027576876920071,2.0000000000000003e-06
110,0.4473693370819092,1.4045891668419397,0.44565218687057495,1.4039134269372144,2.0000000000000003e-06
111,0.44716233015060425,1.4085074585841733,0.4488167464733124,1.3991359436846593,2.0000000000000003e-06
112,0.44988787174224854,1.404713370130867,0.4485415518283844,1.4043806917928507,2.0000000000000003e-06
113,0.4488183557987213,1.406085262011511,0.44730326533317566,1.4004600512568086,2.0000000000000003e-06
114,0.44995689392089844,1.4026641672924713,0.4482663869857788,1.4115478657206533,2.0000000000000003e-06
115,0.44785234332084656,1.4046577898823065,0.45294442772865295,1.4038819080535436,2.0000000000000003e-06
116,0.45282045006752014,1.4031547858259772,0.4430379867553711,1.403032035373631,2.0000000000000003e-06
117,0.44995689392089844,1.4047471095719009,0.4462025463581085,1.408277678174768,2.0000000000000003e-06
118,0.45064690709114075,1.4033726718603834,0.45115575194358826,1.3983631872776516,2.0000000000000003e-06
119,0.4526134431362152,1.4018012025715338,0.45294442772865295,1.40434279065245,2.0000000000000003e-06
120,0.44871485233306885,1.400864440748686,0.44730326533317566,1.4087800841837974,2.0000000000000003e-06
121,0.4501293897628784,1.403593344110157,0.45143094658851624,1.3984331018529754,2.0000000000000003e-06
122,0.4509229063987732,1.4028334306276358,0.4466153085231781,1.4002503517504636,2.0000000000000003e-06
123,0.44847336411476135,1.40767206222369,0.44400110840797424,1.4018607178952054,2.0000000000000003e-06
124,0.45057788491249084,1.4053944150270914,0.4481287896633148,1.407605405160865,2.0000000000000003e-06
125,0.44598931074142456,1.4048876272597681,0.441662073135376,1.4080095383644629,2.0000000000000003e-06
126,0.4516129195690155,1.402126942113574,0.4507429897785187,1.4000157916289997,2.0000000000000003e-06
127,0.4499223828315735,1.3999909230793717,0.45088058710098267,1.4010250196393925,2.0000000000000003e-06
128,0.4505434036254883,1.4016506918631937,0.4500550329685211,1.4008827710059821,2.0000000000000004e-07
129,0.4495428800582886,1.4035312465620344,0.4507429897785187,1.3970151253302936,2.0000000000000004e-07
130,0.4510954022407532,1.4014705450879883,0.4463401138782501,1.4016872505336,2.0000000000000004e-07
131,0.4500603973865509,1.403913377921746,0.4559713900089264,1.4023906626278841,2.0000000000000004e-07
132,0.448128342628479,1.4024094482855858,0.4507429897785187,1.3985252197981537,2.0000000000000004e-07
133,0.4477488398551941,1.4021419549453087,0.4468904733657837,1.3990004563239753,2.0000000000000004e-07
134,0.44885286688804626,1.4042923876514142,0.4525316655635834,1.405120229878528,2.0000000000000004e-07
135,0.45026740431785583,1.402629308670127,0.44207486510276794,1.4028540043366369,2.0000000000000004e-07
136,0.4449543058872223,1.4061908105457366,0.44565218687057495,1.4002734259320408,2.0000000000000004e-07
137,0.4492323696613312,1.4034338261642312,0.445376992225647,1.4025021252818468,2.0000000000000004e-07
138,0.4526134431362152,1.399929185815982,0.4468904733657837,1.4049646514552467,2.0000000000000004e-07
139,0.4484388530254364,1.4048245136709445,0.45115575194358826,1.4033730615937061,2.0000000000000007e-08
140,0.44995689392089844,1.4042507380601845,0.4433131515979767,1.4071101585980228,2.0000000000000007e-08
141,0.4524064362049103,1.4018244004319491,0.4470280706882477,1.3972844616292135,2.0000000000000007e-08
142,0.4485768675804138,1.4032193345202646,0.44730326533317566,1.403836130899063,2.0000000000000007e-08
143,0.4538554549217224,1.3999329167192138,0.4506053924560547,1.3960692053911905,2.0000000000000007e-08
144,0.4500603973865509,1.4020433006110593,0.4507429897785187,1.3970420195233644,2.0000000000000007e-08
145,0.44895637035369873,1.4015147310136535,0.4485415518283844,1.4051603845140732,2.0000000000000007e-08
146,0.44733482599258423,1.4052198146897719,0.44909191131591797,1.4028046180995926,2.0000000000000007e-08
147,0.45275142788887024,1.4028974422076785,0.4486791491508484,1.399781056597263,2.0000000000000007e-08
148,0.4510608911514282,1.404054088446114,0.4518437087535858,1.3991698554799528,2.0000000000000007e-08
149,0.4511299133300781,1.4034753642124165,0.45335718989372253,1.3968379218039042,2.0000000000000007e-08
150,0.44995689392089844,1.4048459492820449,0.4468904733657837,1.40675965533784,2.0000000000000007e-08
151,0.4478868544101715,1.4037057530783323,0.4503302276134491,1.4056699074554653,2.0000000000000007e-08
152,0.45057788491249084,1.4041659026181306,0.4499174654483795,1.4028311561081654,2.0000000000000007e-08
153,0.4471278488636017,1.4018585988647345,0.45143094658851624,1.4018632716114336,2.000000000000001e-09
154,0.449991375207901,1.401135841324059,0.4497798681259155,1.403952708661589,2.000000000000001e-09
155,0.45057788491249084,1.4016568808344205,0.45143094658851624,1.3991467396374515,2.000000000000001e-09
156,0.44730034470558167,1.4077438230450368,0.4481287896633148,1.4069052098803816,2.000000000000001e-09
157,0.45119890570640564,1.4046430634942284,0.4467529058456421,1.4023992932623537,2.000000000000001e-09
158,0.44909438490867615,1.4027936570537858,0.4501926302909851,1.3997683502122735,2.000000000000001e-09
1,0.2431257665157318,1.857972882327405,0.24545955657958984,1.8282525731628914,0.001
2,0.2591685354709625,1.7950640047421142,0.24298293888568878,1.8211017027620306,0.001
3,0.3253062069416046,1.6949155787301307,0.11873967945575714,2.2533924918156374,0.001
4,0.3580472767353058,1.622599466401831,0.15217392146587372,2.0093938599724526,0.001
5,0.3788166344165802,1.5764320730443286,0.1490093618631363,2.172115294960874,0.001
6,0.39675694704055786,1.5384993456140847,0.36502477526664734,1.6470609974191945,0.001
7,0.41366225481033325,1.496559213440398,0.24532195925712585,1.817578624484955,0.001
8,0.4270484745502472,1.4734948216213406,0.3109521269798279,1.7292801939529183,0.001
9,0.42559945583343506,1.4758301844818131,0.14845900237560272,2.1993530656061924,0.001
10,0.42421942949295044,1.4731763374647109,0.28797468543052673,1.849900401288097,0.001
11,0.43746766448020935,1.443076596010013,0.24848651885986328,1.8585617115816442,0.001
12,0.44071072340011597,1.4337495176549901,0.27173912525177,1.8708118993499874,0.001
13,0.4343971014022827,1.450619348328916,0.38167309761047363,1.5783764556927804,0.001
14,0.4478868544101715,1.4155916574475518,0.3384700119495392,1.6738655538957856,0.001
15,0.45244091749191284,1.4158311287534633,0.20473307371139526,2.186215734376839,0.001
16,0.4514749050140381,1.4181138372594002,0.1546505242586136,2.196971944878242,0.001
17,0.44747284054756165,1.4252320220845927,0.3256742060184479,1.701121664139092,0.001
18,0.4378816783428192,1.441794993496155,0.39611998200416565,1.5641609928932043,0.001
19,0.4434017837047577,1.429288846899029,0.3604843318462372,1.6261313639306472,0.001
20,0.44374677538871765,1.426721758831775,0.1748761683702469,2.116395775341502,0.001
21,0.4232534170150757,1.461591187805806,0.16868464648723602,2.28427681308824,0.001
1,0.2411937266588211,1.845009322525901,0.24545955657958984,1.8283418260830473,0.001
2,0.2507503926753998,1.8063163731742649,0.1616675853729248,1.9494339993318883,0.001
3,0.33962395787239075,1.6494163556943706,0.1820308268070221,2.0343993688325144,0.001
4,0.4007590115070343,1.507952666060563,0.1633186638355255,2.031005035079175,0.001
5,0.43639814853668213,1.4204579673472284,0.29361584782600403,1.820958013382336,0.001
6,0.462687611579895,1.3588184614314773,0.3895156979560852,1.5706093256855378,0.001
7,0.4916336238384247,1.3116014903139117,0.3237479329109192,1.673112844528572,0.001
8,0.5061583518981934,1.275520407209648,0.29141440987586975,1.8004438638293487,0.001
9,0.5137829780578613,1.257731825614029,0.33750689029693604,1.7645937808608378,0.001
10,0.5211316347122192,1.2429430292827703,0.4653274714946747,1.3704935089204753,0.001
11,0.533068835735321,1.2251289151384026,0.3580076992511749,1.7683808242612051,0.001
12,0.5299637913703918,1.2185118387336462,0.25976884365081787,1.898496786709598,0.001
13,0.5362083911895752,1.2033894980675561,0.1894606500864029,2.301899386816912,0.001
14,0.5362429022789001,1.1947054091868616,0.36474958062171936,1.7554928870009536,0.001
15,0.5446955561637878,1.1855444527708787,0.35236653685569763,1.634302165853367,0.001
16,0.5433155298233032,1.185638508748161,0.2651348412036896,2.033262666661331,0.001
17,0.5506986379623413,1.1766857951761258,0.14006604254245758,3.0288445957427372,0.001
18,0.5532861948013306,1.1677778332957691,0.15492570400238037,2.4271455611510793,0.001
19,0.5543557405471802,1.1678261276234918,0.1324986219406128,3.138853763444908,0.001
20,0.5744695663452148,1.111844550162857,0.544303834438324,1.2198854480133519,0.0001
21,0.5841297507286072,1.090589060103953,0.5386626124382019,1.2063818735018759,0.0001
22,0.584888756275177,1.0829433239511894,0.5371491312980652,1.2245668556641667,0.0001
23,0.5867862701416016,1.0831298683519217,0.5261420011520386,1.2471075367651998,0.0001
24,0.5878558158874512,1.0801166270649885,0.554347813129425,1.1662749649078294,0.0001
25,0.5899603366851807,1.0764838265636492,0.558613121509552,1.1561469984500699,0.0001
26,0.5892703533172607,1.0745996664284796,0.5532470941543579,1.182608712618339,0.0001
27,0.5895463228225708,1.074552535755749,0.5160979628562927,1.2583447104964731,0.0001
28,0.5935139060020447,1.0674576777229026,0.558337926864624,1.167848526414568,0.0001
29,0.5913403630256653,1.0656520035506651,0.5452669262886047,1.1951306916621602,0.0001
30,0.5946179032325745,1.0636783643819268,0.5634287595748901,1.1492149529380988,0.0001
31,0.5955149531364441,1.0595045836008437,0.5465052127838135,1.1883014040985276,0.0001
32,0.5966534614562988,1.0574456562826464,0.5492570400238037,1.1692706372098864,0.0001
33,0.6000690460205078,1.0544147237736912,0.5493946075439453,1.1691043617046988,0.0001
34,0.5991374850273132,1.053560279021083,0.544028639793396,1.1986389721102548,0.0001
35,0.5984820127487183,1.0514046088814715,0.5277930498123169,1.2784926853930485,0.0001
36,0.5986545085906982,1.0521884737044382,0.5138965249061584,1.2780757716676987,0.0001
37,0.6016215682029724,1.049013303069384,0.5399009585380554,1.204475704890132,0.0001
38,0.6000345349311829,1.0463722256621308,0.52944415807724,1.2935899746700112,0.0001
39,0.6022770404815674,1.0448673982753494,0.547468364238739,1.1960239142720752,0.0001
40,0.6074866652488708,1.034665522099117,0.5744358897209167,1.119569074274356,1e-05
41,0.6087976694107056,1.0321319441312506,0.5723720788955688,1.1180083577817919,1e-05
42,0.6075901389122009,1.028814415860139,0.5738855600357056,1.1163776695695498,1e-05
43,0.606934666633606,1.0292472214231578,0.5716841220855713,1.1224210692029375,1e-05
44,0.6075211763381958,1.0322579897167725,0.5742983222007751,1.1181377256448017,1e-05
45,0.6090046763420105,1.0311168964184294,0.5703082084655762,1.1196089316411666,1e-05
46,0.6051406264305115,1.0300194325643675,0.5708585381507874,1.1218347624887395,1e-05
47,0.6096256971359253,1.0281228197881511,0.5741606950759888,1.1137913289015018,1e-05
48,0.6086596846580505,1.0308494854985135,0.5718216896057129,1.1150098849471348,1e-05
49,0.6110402345657349,1.0238323726056875,0.5741606950759888,1.1201675141585943,1e-05
50,0.6098327040672302,1.0286196153328833,0.5730599761009216,1.1191762411535344,1e-05
51,0.6075901389122009,1.0246996394514893,0.5698954463005066,1.1215441671779802,1e-05
52,0.6080731749534607,1.0304596831351494,0.5749862790107727,1.1178642976526776,1e-05
53,0.6068311333656311,1.0273640774068327,0.5733351707458496,1.1170729047069854,1e-05
54,0.6110402345657349,1.0257285929844875,0.5747110843658447,1.1183202934580054,1e-05
55,0.6092807054519653,1.0270997333427905,0.5722344517707825,1.1238890223996483,1e-05
56,0.6096256971359253,1.0289073615479678,0.5690699219703674,1.1210228302482728,1e-05
57,0.6093151569366455,1.0232386372388387,0.57292240858078,1.1206541503597631,1.0000000000000002e-06
58,0.6100742220878601,1.0240850885386958,0.5730599761009216,1.118172526359558,1.0000000000000002e-06
59,0.614800751209259,1.0228643333724763,0.573197603225708,1.1114815329875536,1.0000000000000002e-06
60,0.6086941957473755,1.021947303467297,0.5760869383811951,1.1133054219961298,1.0000000000000002e-06
61,0.6108676791191101,1.0224658895900214,0.5722344517707825,1.1148087530262076,1.0000000000000002e-06
62,0.6098672151565552,1.0238976201909111,0.5734727382659912,1.1161189159982206,1.0000000000000002e-06
63,0.6132137179374695,1.0226702061401929,0.5712713599205017,1.1184648412495573,1.0000000000000002e-06
64,0.6116957068443298,1.0221519410085818,0.5722344517707825,1.118323974643491,1.0000000000000002e-06
65,0.6135932803153992,1.017287680862977,0.5742983222007751,1.1195263640199575,1.0000000000000002e-06
66,0.6111782193183899,1.0268402649654238,0.5730599761009216,1.119254377167764,1.0000000000000002e-06
67,0.6115577220916748,1.022609300306589,0.57292240858078,1.113234097313343,1.0000000000000002e-06
68,0.6121787428855896,1.0250971429776135,0.5751238465309143,1.1158261441502129,1.0000000000000002e-06
69,0.6126962304115295,1.0231338986039307,0.5747110843658447,1.1181945199158143,1.0000000000000002e-07
70,0.6104881763458252,1.0243079138641134,0.5730599761009216,1.1183508572895973,1.0000000000000002e-07
71,0.6102467179298401,1.0190908576571491,0.572647213935852,1.114479009994912,1.0000000000000002e-07
72,0.6103847026824951,1.0248676004997097,0.5725096464157104,1.114787729611814,1.0000000000000002e-07
73,0.6097981929779053,1.0251912699663703,0.5727848410606384,1.1187535263249424,1.0000000000000002e-07
74,0.6100397109985352,1.0226509787572835,0.5701706409454346,1.1213430382094018,1.0000000000000002e-07
1,0.2423667460680008,1.8545807384346527,0.24545955657958984,1.8379368088569494,0.001
2,0.2567880153656006,1.8000713723269706,0.2590809166431427,1.841191119326296,0.001
3,0.30139729380607605,1.705850682506196,0.24298293888568878,1.8207599047323342,0.001
4,0.3719165325164795,1.582941123422146,0.3233351707458496,1.7299860704056693,0.001
5,0.42977404594421387,1.4599677707319405,0.18849752843379974,2.0202853473648634,0.001
6,0.47158876061439514,1.3585974486383752,0.13717666268348694,2.3057967233474135,0.001
7,0.4936346411705017,1.310808628008903,0.3398458957672119,1.6569476479282075,0.001
8,0.507503867149353,1.271927206162977,0.13332416117191315,2.986758683235618,0.001
9,0.5168880820274353,1.241725457337718,0.24711062014102936,2.2786080132622475,0.001
10,0.517888605594635,1.2467346134197306,0.14089158177375793,2.625201520253225,0.001
11,0.5257202386856079,1.2242230003571457,0.20101816952228546,2.3491287358724358,0.001
12,0.5273072123527527,1.2259374766919826,0.3137039244174957,2.804589502091059,0.001
13,0.5173365473747253,1.24428610850639,0.14584480226039886,2.654769485837887,0.001
14,0.5227531790733337,1.2344634967609502,0.36296093463897705,1.8642099793297153,0.001
15,0.5271347165107727,1.2239639164312803,0.1856081485748291,3.018140158944558,0.001
16,0.5266172289848328,1.2216604847527175,0.25632911920547485,2.477752902446111,0.001
17,0.5581852793693542,1.1470327723410823,0.529719352722168,1.1998013498760804,0.0001
18,0.5651888847351074,1.1259876665502289,0.5536599159240723,1.1602875523732532,0.0001
19,0.5668449401855469,1.120846931182127,0.5272427201271057,1.2459630383589666,0.0001
20,0.5695014595985413,1.1172084927538335,0.5458173155784607,1.1781562852150933,0.0001
21,0.5706400275230408,1.1123219508764475,0.5027517676353455,1.2843843562693535,0.0001
22,0.5719165205955505,1.1114473005317502,0.49724823236465454,1.3110093945779837,0.0001
23,0.5740900635719299,1.1114250995423107,0.5110071897506714,1.2925965770234364,0.0001
24,0.5713645219802856,1.109828801086818,0.5093560814857483,1.2779497995308355,0.0001
25,0.5762636065483093,1.1039647825549384,0.536873996257782,1.1900768705167544,0.0001
26,0.573538064956665,1.107903753168854,0.5137589573860168,1.284392296119778,0.0001
27,0.5765395760536194,1.1027840848336738,0.5320583581924438,1.2383501903657803,0.0001
28,0.5837157368659973,1.092100298287479,0.5642542839050293,1.1283336635730263,1e-05
29,0.5830947160720825,1.0865432749745434,0.5672812461853027,1.1208533707987691,1e-05
30,0.5846472382545471,1.0869858647824073,0.5671436786651611,1.1222735304850828,1e-05
31,0.5844402313232422,1.0853683311157398,0.5661805272102356,1.1230949967787958,1e-05
32,0.5831982493400574,1.0851070981077517,0.5701706409454346,1.1234448656119944,1e-05
33,0.5869587659835815,1.08298741471095,0.5670060515403748,1.122967918232764,1e-05
34,0.5841297507286072,1.0857361602519984,0.5698954463005066,1.1207069432138412,1e-05
35,0.5838192105293274,1.0855471966923445,0.5696202516555786,1.127419317300069,1e-05
36,0.5844402313232422,1.0819373304070286,0.5678315758705139,1.1195193147291898,1e-05
37,0.5861997604370117,1.0837797527295137,0.5719592571258545,1.1169426928002164,1e-05
38,0.5855442881584167,1.0844036698320805,0.5703082084655762,1.1232748493494802,1e-05
39,0.5861997604370117,1.0810434458933145,0.5674188137054443,1.1264834337727867,1e-05
40,0.5840607285499573,1.0822181895043659,0.569207489490509,1.1224833038657591,1e-05
41,0.5844747424125671,1.0847194638152728,0.569482684135437,1.1230360106839279,1e-05
42,0.5820252299308777,1.0847028765777935,0.5653550028800964,1.1264552702664936,1e-05
43,0.5866482853889465,1.0825800768687888,0.5703082084655762,1.120640597175489,1e-05
44,0.5837847590446472,1.0841897856105458,0.573197603225708,1.1160988427153247,1e-05
45,0.5860617756843567,1.0840539069675013,0.5734727382659912,1.1195720556219266,1e-05
46,0.5838882327079773,1.0833436670006402,0.5652173757553101,1.1220817904453981,1e-05
47,0.5842677354812622,1.0831348639758513,0.5709961652755737,1.1211996934016326,1e-05
48,0.5837502479553223,1.0838319342650893,0.572647213935852,1.1189840197497563,1e-05
49,0.5837157368659973,1.0836716912708675,0.5718216896057129,1.1198363292328788,1e-05
50,0.5875797867774963,1.0789931369481753,0.573197603225708,1.121104138528638,1e-05
51,0.5858202576637268,1.0837773345391546,0.5711337327957153,1.1173056095723732,1e-05
52,0.5868207812309265,1.0838821013610858,0.5703082084655762,1.1185852407293786,1e-05
53,0.585199236869812,1.0810387406613224,0.5686571598052979,1.121122000567783,1e-05
54,0.5846472382545471,1.0821484257625016,0.5696202516555786,1.1187717684298082,1.0000000000000002e-06
55,0.5863722562789917,1.0814777873067047,0.5730599761009216,1.1165310398326447,1.0000000000000002e-06
56,0.5866137742996216,1.0810886179493977,0.5693450570106506,1.1178718096093287,1.0000000000000002e-06
57,0.5854752659797668,1.0818301696334807,0.5718216896057129,1.1202260881055497,1.0000000000000002e-06
58,0.5860272645950317,1.08188926161045,0.5736103653907776,1.1147197019155037,1.0000000000000002e-06
59,0.5867862701416016,1.0777434154771743,0.5725096464157104,1.1168569313279206,1.0000000000000002e-06
60,0.5830947160720825,1.0812491770137769,0.5716841220855713,1.1208135457765813,1.0000000000000002e-06
61,0.5851647853851318,1.0807119826849358,0.5686571598052979,1.1205413816522358,1.0000000000000002e-06
62,0.585233747959137,1.0817793272971614,0.5734727382659912,1.119267319248611,1.0000000000000002e-06
63,0.585199236869812,1.0776364688896323,0.5676940083503723,1.117051798495606,1.0000000000000002e-06
64,0.5865792632102966,1.0813225290950916,0.569757878780365,1.1238245013393933,1.0000000000000002e-06
65,0.584888756275177,1.0774008627778522,0.5681067705154419,1.1178709307934598,1.0000000000000002e-06
66,0.5863032937049866,1.0788821830612967,0.5711337327957153,1.1189869235489613,1.0000000000000002e-06
67,0.5856477618217468,1.0844824814191867,0.5740231275558472,1.1181801154709283,1.0000000000000002e-06
68,0.584888756275177,1.081949198624379,0.5709961652755737,1.1219733518496542,1.0000000000000002e-07
69,0.5864067673683167,1.0792093779314011,0.5690699219703674,1.1216144151063037,1.0000000000000002e-07
70,0.5868552923202515,1.0781018230099504,0.5704457759857178,1.117432958356745,1.0000000000000002e-07
71,0.588442325592041,1.0772254548567173,0.5733351707458496,1.1205345989913815,1.0000000000000002e-07
72,0.5869932770729065,1.0798520823357454,0.57292240858078,1.1162232257339675,1.0000000000000002e-07
73,0.5853372812271118,1.0782117198824328,0.5711337327957153,1.120277299615926,1.0000000000000002e-07
1,0.23912368714809418,1.8535077914958045,0.24545955657958984,1.8318836501357183,0.001
2,0.25357943773269653,1.8044444796050727,0.24545955657958984,1.8635700454932356,0.001
3,0.3081248998641968,1.6972383808756524,0.1509356051683426,1.8932688480953497,0.001
4,0.35604622960090637,1.5914580714729338,0.17528894543647766,1.9185510510327597,0.001
5,0.40552011132240295,1.4794804501496492,0.1763896495103836,1.9724168408750242,0.001
6,0.440538227558136,1.4120691898795723,0.32278481125831604,1.7637094107052096,0.001
7,0.44547179341316223,1.3833972941149055,0.36296093463897705,1.6802093306280586,0.001
8,0.46058306097984314,1.3564896753415459,0.36130985617637634,1.616856674867209,0.001
9,0.47265827655792236,1.341894333235494,0.326637327671051,1.8349982033605161,0.001
10,0.4829394519329071,1.3204447800113308,0.146945521235466,2.5890423107357163,0.001
11,0.4858720302581787,1.3099444704383165,0.3930930197238922,1.5565949910016392,0.001
12,0.4996722638607025,1.278058138332923,0.13291139900684357,2.6034331926619805,0.001
13,0.5027083158493042,1.2770808661623578,0.37369289994239807,1.686821315993171,0.001
14,0.5087804198265076,1.2633113421714366,0.14405614137649536,2.6366614219442988,0.001
15,0.5158530473709106,1.2497331846782374,0.4683544337749481,1.3823339796092526,0.001
16,0.5191996097564697,1.2415680655327588,0.22729775309562683,2.0616023565427772,0.001
17,0.521614670753479,1.23876896006127,0.2223445326089859,2.4584015666224763,0.001
18,0.5283422470092773,1.2243641472076658,0.22179417312145233,2.1302328597206825,0.001
19,0.5260652303695679,1.225017398740786,0.13456246256828308,2.5615424679476413,0.001
20,0.5318267941474915,1.2147245946044816,0.3287011682987213,1.772528931670748,0.001
21,0.5289287567138672,1.2257431264743737,0.13291139900684357,3.202422034038445,0.001
22,0.5235466957092285,1.2306916236342778,0.13538800179958344,2.82477720477913,0.001
23,0.5243402123451233,1.2307824408450743,0.13015960156917572,3.0201310507858854,0.001
24,0.5295842885971069,1.223995000945508,0.12011557817459106,3.086827778855588,0.001
25,0.5462135672569275,1.1754113181615793,0.5088057518005371,1.2605987616666543,0.0001
26,0.5534241795539856,1.1574241113679171,0.37190425395965576,1.6137665588906918,0.0001
27,0.555425226688385,1.1509770409740496,0.47151899337768555,1.3791796775984777,0.0001
28,0.5578747987747192,1.1517192446776294,0.3377820551395416,1.767533493422517,0.0001
29,0.559013307094574,1.1455301424131448,0.5330214500427246,1.212326427508529,0.0001
30,0.5594273209571838,1.1440225318647448,0.43615850806236267,1.4599560482789347,0.0001
31,0.5566672682762146,1.1448308455074205,0.4324435889720917,1.51160578650305,0.0001
32,0.5614283680915833,1.1402584256684962,0.4836268723011017,1.3458342956984903,0.0001
33,0.563049852848053,1.1404913552119564,0.47647222876548767,1.3516943353050412,0.0001
34,0.5611523389816284,1.1402522298083422,0.5207760334014893,1.2394786949792798,0.0001
35,0.5633603930473328,1.1353883394027797,0.45858559012413025,1.5219299511130064,0.0001
36,0.562704861164093,1.1358224591078667,0.48802971839904785,1.33593508510978,0.0001
37,0.5629808902740479,1.1352281839082174,0.5028893947601318,1.2878413772478035,0.0001
38,0.5624288320541382,1.1359634246130288,0.44207486510276794,1.471598908346173,0.0001
39,0.5633603930473328,1.1284867143803718,0.5429279208183289,1.1692941175690705,1e-05
40,0.5683284401893616,1.1215105700702612,0.5390754342079163,1.1825203307723369,1e-05
41,0.5697429776191711,1.1206759928382017,0.5419647693634033,1.1775235656728833,1e-05
42,0.5685354471206665,1.1217350045380683,0.5408640503883362,1.1744265810893535,1e-05
43,0.5691564679145813,1.1209653113183224,0.5425151586532593,1.1800625581431665,1e-05
44,0.5696739554405212,1.1196928732062448,0.5418272018432617,1.1739153169181626,1e-05
45,0.5695704817771912,1.119215265129771,0.5432031154632568,1.1816491462663432,1e-05
46,0.5689149498939514,1.1214920672297746,0.5388002395629883,1.1811388373440548,1e-05
47,0.5677074790000916,1.1195173179237559,0.5383874773979187,1.1772203728203992,1e-05
48,0.5716404914855957,1.1187190756625875,0.5454044938087463,1.175094828936315,1e-05
49,0.570294976234436,1.1167399869040002,0.5452669262886047,1.174796291938114,1.0000000000000002e-06
50,0.5702260136604309,1.1174227227666202,0.5465052127838135,1.1716769690295794,1.0000000000000002e-06
51,0.5702260136604309,1.117615407611741,0.5466428399085999,1.1682067720458347,1.0000000000000002e-06
52,0.5716060400009155,1.1168265279581038,0.5436158776283264,1.1749520621984688,1.0000000000000002e-06
53,0.5703985095024109,1.1209622485032673,0.5460924506187439,1.1681594012133945,1.0000000000000002e-06
54,0.5711575150489807,1.1184174688968327,0.5458173155784607,1.1702868426049484,1.0000000000000002e-06
55,0.5694324970245361,1.1168311538132014,0.5426527261734009,1.1753877028043807,1.0000000000000002e-06
56,0.5710539817810059,1.1160059663413289,0.5454044938087463,1.1724362866722362,1.0000000000000002e-06
57,0.5679489374160767,1.1191382244699717,0.5462300777435303,1.1699891290496718,1.0000000000000002e-06
58,0.5714335441589355,1.117735680958845,0.5421023964881897,1.1775248398410796,1.0000000000000002e-06
59,0.5695704817771912,1.1180940440302782,0.5429279208183289,1.1717265465132274,1.0000000000000002e-06
60,0.5683284401893616,1.1211453010897319,0.5430654883384705,1.1745923364890691,1.0000000000000002e-06
61,0.5682939887046814,1.1190070453956042,0.5426527261734009,1.1743344038347654,1.0000000000000002e-07
62,0.5700879693031311,1.1170042878783157,0.5423775315284729,1.1755270153267672,1.0000000000000002e-07
63,0.569984495639801,1.1176167213301915,0.5430654883384705,1.1705528568552297,1.0000000000000002e-07
64,0.5691909790039062,1.119863294456999,0.5460924506187439,1.1732309967459855,1.0000000000000002e-07
65,0.5699154734611511,1.1178661704166235,0.5441662073135376,1.1679745383097302,1.0000000000000002e-07
66,0.5691564679145813,1.1166390684857253,0.5448541641235352,1.1710982566097639,1.0000000000000002e-07
67,0.5708814859390259,1.1196290120104582,0.5425151586532593,1.1689782966016478,1.0000000000000002e-07
68,0.5693289637565613,1.1163539784724124,0.544028639793396,1.1779762957866335,1.0000000000000002e-07
69,0.570019006729126,1.120394105538636,0.5460924506187439,1.1698655622242962,1.0000000000000002e-07
70,0.5691909790039062,1.1192037496069946,0.5423775315284729,1.1701636253704917,1.0000000000000002e-07
71,0.5721925497055054,1.1158970451239822,0.5436158776283264,1.1736294675411336,1.0000000000000002e-07
72,0.570329487323761,1.116786809277695,0.5422399640083313,1.1747554239494562,1.0000000000000002e-07
73,0.5693289637565613,1.114961434212639,0.5404512882232666,1.170381565440403,1.0000000000000002e-07
74,0.5697084665298462,1.1180118867769846,0.5447165966033936,1.170863511736864,1.0000000000000002e-07
75,0.5726755261421204,1.1171255904640722,0.547193169593811,1.1702719432151638,1.0000000000000004e-08
76,0.570674479007721,1.1192324466575359,0.5418272018432617,1.1752089049439542,1.0000000000000004e-08
77,0.5712265372276306,1.1149816626451212,0.5451293587684631,1.1701603085376695,1.0000000000000004e-08
78,0.5696739554405212,1.119407657769213,0.5452669262886047,1.1705906937656392,1.0000000000000004e-08
79,0.5699499845504761,1.1188128516327334,0.5414144396781921,1.172506913157302,1.0000000000000004e-08
80,0.5715025067329407,1.117898409564433,0.5498073697090149,1.1719230704079242,1.0000000000000004e-08
